SALE TYPE,SOLD DATE,PROPERTY TYPE,ADDRESS,CITY,STATE OR PROVINCE,ZIP OR POSTAL CODE,PRICE,BEDS,BATHS,LOCATION,SQUARE FEET,LOT SIZE,YEAR BUILT,DAYS ON MARKET,$/SQUARE FEET,HOA/MONTH,STATUS,NEXT OPEN HOUSE START TIME,NEXT OPEN HOUSE END TIME,URL (SEE https://www.redfin.com/buy-a-home/comparative-market-analysis FOR INFO ON PRICING),SOURCE,MLS#,FAVORITE,INTERESTED,LATITUDE,LONGITUDE
"In accordance with local MLS rules, some MLS listings are not included in the download",,,,,,,,,,,,,,,,,,,,,,,,,,
MLS Listing,,Single Family Residential,13411 243rd St,Rosedale,NY,11422,799000,2,2.5,Rosedale,1716,4000,1925,8,466,,Active,,,https://www.redfin.com/NY/Rosedale/13411-243rd-St-11422/home/20690739,OneKey® MLS as Distributed by MLS Grid,862853,N,Y,40.6722372,-73.7313514
MLS Listing,,Condo/Co-op,151-40 88 St Unit 1G,Howard Beach,NY,11414,345000,2,2,Howard Beach,1130,,1965,16,305,,Active,,,https://www.redfin.com/NY/Howard-Beach/15140-88th-St-11414/unit-1G/home/57020499,OneKey® MLS as Distributed by MLS Grid,859077,N,Y,40.6674344,-73.8479327
MLS Listing,,Condo/Co-op,16634 137th Ave Unit B1,Jamaica,NY,11434,249999,2,1,Jamaica,809,37857,1988,49,309,275,Active,,,https://www.redfin.com/NY/Jamaica/16634-137th-Ave-11434/unit-B1/home/20704428,OneKey® MLS as Distributed by MLS Grid,843133,N,Y,40.6719885,-73.7731944
MLS Listing,,Single Family Residential,102-02 163rd Dr,Howard Beach,NY,11414,751000,3,2.5,Howard Beach,1540,2400,2004,53,488,,Active,,,https://www.redfin.com/NY/Howard-Beach/10202-163rd-Dr-11414/home/20679244,OneKey® MLS as Distributed by MLS Grid,843376,N,Y,40.6524306,-73.8292588
MLS Listing,,Single Family Residential,153-14 119th Ave,Jamaica,NY,11434,619000,3,1,Jamaica,1024,1544,1940,58,604,,Active,May-31-2025 03:30 PM,May-31-2025 05:00 PM,https://www.redfin.com/NY/Jamaica/15314-119th-Ave-11434/home/20709272,OneKey® MLS as Distributed by MLS Grid,841081,N,Y,40.6796322,-73.7887599
MLS Listing,,Single Family Residential,91-27 71st Ave Ave,Forest Hills,NY,11375,1398000,4,2.5,Forest Hills,2073,2200,1925,61,674,,Active,,,https://www.redfin.com/NY/Forest-Hills/9127-71st-Ave-11375/home/20873921,OneKey® MLS as Distributed by MLS Grid,839300,N,Y,40.7095042,-73.8514553
MLS Listing,,Condo/Co-op,4310 48th Ave Unit 2F,Woodside,NY,11377,485000,2,1,Woodside,732,,1931,64,663,,Active,,,https://www.redfin.com/NY/Woodside/4310-48th-Ave-11377/unit-2F/home/20627823,OneKey® MLS as Distributed by MLS Grid,834572,N,Y,40.7394685,-73.9217347
MLS Listing,,Condo/Co-op,37-20 81st St Unit 1F,Jackson Heights,NY,11372,224000,1,1,3720 81st,,,1929,67,,,Active,May-31-2025 12:30 PM,May-31-2025 02:00 PM,https://www.redfin.com/NY/Jackson-Heights/3720-81st-St-11372/unit-1F/home/20627605,OneKey® MLS as Distributed by MLS Grid,837151,N,Y,40.7490395,-73.8854005
MLS Listing,,Condo/Co-op,120-12 85th Unit 3A,Kew Gardens,NY,11415,275000,1,1,Kew Gardens,,,1951,79,,,Active,,,https://www.redfin.com/NY/Kew-Gardens/120-12-85th-Ave-11415/unit-3A/home/194870019,OneKey® MLS as Distributed by MLS Grid,831084,N,Y,40.7030365,-73.830674
MLS Listing,,Condo/Co-op,37-14 34th St Unit N3E,Long Island City,NY,11101,895000,1,1,Long Island City,658,,2019,93,1360,773,Active,,,https://www.redfin.com/NY/Long-Island-City/3714-34th-St-11101/unit-N3E/home/175777798,OneKey® MLS as Distributed by MLS Grid,826306,N,Y,40.7534527,-73.9291354
MLS Listing,,Condo/Co-op,64-75 Austin St Unit 7A,Rego Park,NY,11374,799000,2,2,Major Plaza Condominium,914,,2015,99,874,468,Active,,,https://www.redfin.com/NY/Rego-Park/6475-Austin-St-11374/unit-7A/home/109706913,OneKey® MLS as Distributed by MLS Grid,824619,N,Y,40.7265719,-73.8601692
MLS Listing,,Single Family Residential,310 Beach 39th St,Far Rockaway,NY,11691,598000,3,1,Far Rockaway,2652,1549,1940,120,225,,Active,,,https://www.redfin.com/NY/Far-Rockaway/310-Beach-39th-St-11691/home/20674139,OneKey® MLS as Distributed by MLS Grid,816769,N,Y,40.5947463,-73.7710787
MLS Listing,,Condo/Co-op,7607 Ditmars Blvd #1,East Elmhurst,NY,11370,489999,1,1,East Elmhurst,643,,1939,1,762,523,Active,,,https://www.redfin.com/NY/East-Elmhurst/7607-Ditmars-Blvd-11370/unit-1/home/20939405,OneKey® MLS as Distributed by MLS Grid,866702,N,Y,40.769254,-73.892951
MLS Listing,,Condo/Co-op,61-20 Grand Central Pkwy Unit B 903,Forest Hills,NY,11375,469000,2,2,Forest Hills,1300,,1962,1,361,2119,Active,,,https://www.redfin.com/NY/Queens/6120-Grand-Central-Pkwy-11375/unit-B903/home/108378741,OneKey® MLS as Distributed by MLS Grid,866688,N,Y,40.7381033,-73.8471272
MLS Listing,,Single Family Residential,14-50 141st St,Whitestone,NY,11357,999000,3,1.5,Whitestone,1500,4000,1955,1,666,,Active,,,https://www.redfin.com/NY/Whitestone/1450-141st-St-11357/home/20868530,OneKey® MLS as Distributed by MLS Grid,866687,N,Y,40.7851082,-73.828204
MLS Listing,,Single Family Residential,64-30 73rd Pl,Middle Village,NY,11379,849000,2,1,Middle Village,796,1940,1950,1,1067,,Active,,,https://www.redfin.com/NY/Middle-Village/6430-73rd-Pl-11379/home/20899584,OneKey® MLS as Distributed by MLS Grid,866685,N,Y,40.7153711,-73.8816575
MLS Listing,,Single Family Residential,109-29 118 St,South Ozone Park,NY,11420,749000,3,4.5,South Ozone Park,1326,,1960,1,565,,Active,,,https://www.redfin.com/NY/South-Ozone-Park/10929-118th-St-11420/home/20723621,OneKey® MLS as Distributed by MLS Grid,866659,N,Y,40.681224,-73.822411
MLS Listing,,Multi-Family (2-4 Unit),4126 149th Pl,Flushing,NY,11355,1880000,8,4,Flushing,2047,1800,1960,1,918,,Active,,,https://www.redfin.com/NY/Flushing/4126-149th-Pl-11355/home/20854406,OneKey® MLS as Distributed by MLS Grid,866553,N,Y,40.761567,-73.814664
MLS Listing,,Multi-Family (2-4 Unit),150-17 Hawtree St,Ozone Park,NY,11417,1785000,0,,Ozone Park,,,2025,1,,,Active,,,https://www.redfin.com/NY/Ozone-Park/150-17-Hawtree-St-11417/home/194823122,OneKey® MLS as Distributed by MLS Grid,866654,N,Y,40.6685245,-73.8344737
MLS Listing,,Multi-Family (2-4 Unit),8779 111th St,Richmond Hill,NY,11418,899000,0,,Richmond Hill,,2000,1950,1,,,Active,May-25-2025 01:30 PM,May-25-2025 03:00 PM,https://www.redfin.com/NY/Richmond-Hill/8779-111th-St-11418/home/163360200,OneKey® MLS as Distributed by MLS Grid,866613,N,Y,40.6948461,-73.8358626
MLS Listing,,Condo/Co-op,136-21 Latimer Pl Unit 5H,Flushing,NY,11354,700000,2,2,Latimer Condo,1106,13125,2017,1,633,635,Active,,,https://www.redfin.com/NY/Flushing/13621-Latimer-Pl-11354/unit-5H/home/113720162,OneKey® MLS as Distributed by MLS Grid,866568,N,Y,40.7669731,-73.8308794
MLS Listing,,Condo/Co-op,18-65 211 St Unit 6G,Bayside,NY,11360,358000,2,1,Bayside,950,,1960,1,377,,Active,,,https://www.redfin.com/NY/Bayside/1865-211th-St-11360/unit-6G/home/20634717,OneKey® MLS as Distributed by MLS Grid,866627,N,Y,40.781311,-73.780407
MLS Listing,,Multi-Family (2-4 Unit),5-41 117 St,College Point,NY,11356,1188000,1,,College Point,,,1960,1,,,Active,,,https://www.redfin.com/NY/College-Point/541-117th-St-11356/home/20873688,OneKey® MLS as Distributed by MLS Grid,866625,N,Y,40.7905561,-73.8505161
MLS Listing,,Multi-Family (2-4 Unit),42-50 65 St,Woodside,NY,11377,1399000,5,2,Woodside,,,1925,1,,,Active,,,https://www.redfin.com/NY/Woodside/4250-65th-St-11377/home/20937167,OneKey® MLS as Distributed by MLS Grid,860432,N,Y,40.7423109,-73.9005597
MLS Listing,,Single Family Residential,20-29 150th St,Whitestone,NY,11357,899000,3,2,Whitestone,1088,2470,1950,1,826,,Active,,,https://www.redfin.com/NY/Whitestone/2029-150th-St-11357/home/20864041,OneKey® MLS as Distributed by MLS Grid,865119,N,Y,40.7803846,-73.8140354
MLS Listing,,Single Family Residential,202-07 Linden Blvd,Saint Albans,NY,11412,959999,5,3,Saint Albans,1584,3920,1950,1,606,,Active,,,https://www.redfin.com/NY/Saint-Albans/20207-Linden-Blvd-11412/home/20734347,OneKey® MLS as Distributed by MLS Grid,863636,N,Y,40.6952578,-73.7501703
MLS Listing,,Multi-Family (2-4 Unit),143-29 257th St,Rosedale,NY,11422,1325000,6,4,Rosedale,2200,4000,2010,1,602,,Active,,,https://www.redfin.com/NY/Rosedale/14329-257th-St-11422/home/20685289,OneKey® MLS as Distributed by MLS Grid,856773,N,Y,40.6589331,-73.7285471
MLS Listing,,Single Family Residential,40-14 79th St,Elmhurst,NY,11373,1150000,4,2,Elmhurst,1616,3000,1920,1,712,,Active,,,https://www.redfin.com/NY/Elmhurst/4014-79th-St-11373/home/20928292,OneKey® MLS as Distributed by MLS Grid,866103,N,Y,40.746823,-73.886949
MLS Listing,,Multi-Family (2-4 Unit),69-59 74th St,Middle Village,NY,11379,1118888,4,3,Middle Village,1920,2048,1935,1,583,,Active,,,https://www.redfin.com/NY/Middle-Village/6959-74th-St-11379/home/20874760,OneKey® MLS as Distributed by MLS Grid,864092,N,Y,40.7078708,-73.8766463
MLS Listing,,Single Family Residential,145-62 229th St,Springfield Gardens,NY,11413,725000,3,2,Springfield Gardens,1050,2500,1955,1,690,,Active,,,https://www.redfin.com/NY/Springfield-Gardens/14562-229th-St-11413/home/20689416,OneKey® MLS as Distributed by MLS Grid,865985,N,Y,40.6603486,-73.7518561
MLS Listing,,Multi-Family (2-4 Unit),150-29 Hawtree St,Ozone Park,NY,11417,1785000,0,,Ozone Park,,,2025,1,,,Active,,,https://www.redfin.com/NY/Ozone-Park/150-29-Hawtree-St-11417/home/194879944,OneKey® MLS as Distributed by MLS Grid,866612,N,Y,40.6681713,-73.8343001
MLS Listing,,Single Family Residential,148-03 9th Ave,Whitestone,NY,11357,1768000,4,2.5,Whitestone,2400,4069,1935,1,737,,Active,,,https://www.redfin.com/NY/Whitestone/14803-9th-Ave-11357/home/20869373,OneKey® MLS as Distributed by MLS Grid,866402,N,Y,40.7925333,-73.8190007
MLS Listing,,Multi-Family (2-4 Unit),70-31 71 Pl,Glendale,NY,11385,898000,5,3,Glendale,1248,2500,1925,1,720,,Active,May-25-2025 02:00 PM,May-25-2025 04:00 PM,https://www.redfin.com/NY/Glendale/7031-71st-Pl-11385/home/20877893,OneKey® MLS as Distributed by MLS Grid,866324,N,Y,40.705333,-73.880257
MLS Listing,,Multi-Family (2-4 Unit),25-72 127 St,Flushing,NY,11354,1328000,0,,Flushing,2112,3290,1960,1,629,,Active,,,https://www.redfin.com/NY/Flushing/2572-127th-St-11354/home/20867625,OneKey® MLS as Distributed by MLS Grid,866545,N,Y,40.7744925,-73.8420746
MLS Listing,,Single Family Residential,115-09 Linden Blvd,South Ozone Park,NY,11420,868000,4,3.5,South Ozone Park,2136,1742,1970,1,406,,Active,,,https://www.redfin.com/NY/South-Ozone-Park/11509-Linden-Blvd-11420/home/20720947,OneKey® MLS as Distributed by MLS Grid,866577,N,Y,40.6781251,-73.8236055
MLS Listing,,Multi-Family (2-4 Unit),154-11 17th Ave,Whitestone,NY,11357,1380000,5,3,Whitestone,,3900,1960,1,,,Active,,,https://www.redfin.com/NY/Whitestone/15411-17th-Ave-11357/home/189830775,OneKey® MLS as Distributed by MLS Grid,866569,N,Y,40.7838624,-73.8080936
MLS Listing,,Condo/Co-op,22048 75th Ave Unit A1,Bayside,NY,11364,365000,2,1,Windsor Oaks,587,,1958,1,622,,Pre On-Market,,,https://www.redfin.com/NY/Oakland-Gardens/220-48-75th-Ave-11364/unit-A1/home/195901445,OneKey® MLS as Distributed by MLS Grid,855767,N,Y,40.7389169,-73.7518252
MLS Listing,,Single Family Residential,12027 140th St,Jamaica,NY,11436,549999,2,2,Jamaica,3000,1575,1915,1,183,,Active,,,https://www.redfin.com/NY/Jamaica/12027-140th-St-11436/home/20715553,OneKey® MLS as Distributed by MLS Grid,866561,N,Y,40.6752674,-73.8006748
MLS Listing,,Single Family Residential,48-16 65 St,Woodside,NY,11377,849000,3,2.5,Woodside,1400,2000,1940,1,606,,Active,,,https://www.redfin.com/NY/Woodside/4816-65th-St-11377/home/20911836,OneKey® MLS as Distributed by MLS Grid,866448,N,Y,40.7379552,-73.9010974
MLS Listing,,Condo/Co-op,42-30 Douglaston Pkwy Unit 7H,Douglaston,NY,11363,339888,1,1,Wellesley Gardens,700,,1964,1,486,,Active,,,https://www.redfin.com/NY/Little-Neck/4230-Douglaston-Pkwy-11363/unit-7H/home/20634964,OneKey® MLS as Distributed by MLS Grid,865982,N,Y,40.767612,-73.7472383
MLS Listing,,Condo/Co-op,38-20 Parsons Blvd #717,Flushing,NY,11354,1039600,2,2,Flushing,792,,2025,1,1313,343,Active,,,https://www.redfin.com/NY/Flushing/38-20-Parsons-Blvd-11354/unit-717/home/195900717,OneKey® MLS as Distributed by MLS Grid,866555,N,Y,40.7623544,-73.8229707
MLS Listing,,Condo/Co-op,38-20 Parsons Blvd #524,Flushing,NY,11354,1007920,2,2,Flushing,792,,2025,1,1273,343,Active,,,https://www.redfin.com/NY/Flushing/38-20-Parsons-Blvd-11354/unit-524/home/195900686,OneKey® MLS as Distributed by MLS Grid,866552,N,Y,40.7623544,-73.8229707
MLS Listing,,Condo/Co-op,38-20 Parsons Blvd #521,Flushing,NY,11354,670240,1,1,Flushing,524,,2025,1,1279,227,Active,,,https://www.redfin.com/NY/Flushing/38-20-Parsons-Blvd-11354/unit-521/home/195900628,OneKey® MLS as Distributed by MLS Grid,866551,N,Y,40.7623544,-73.8229707
MLS Listing,,Condo/Co-op,38-20 Parsons Blvd #516,Flushing,NY,11354,638740,1,1,Flushing,499,,2025,1,1280,216,Active,,,https://www.redfin.com/NY/Flushing/38-20-Parsons-Blvd-11354/unit-516/home/195900490,OneKey® MLS as Distributed by MLS Grid,866549,N,Y,40.7623544,-73.8229707
MLS Listing,,Condo/Co-op,38-20 Parsons Blvd #424,Flushing,NY,11354,992080,2,2,Flushing,792,,2025,1,1253,343,Active,,,https://www.redfin.com/NY/Flushing/38-20-Parsons-Blvd-11354/unit-424/home/195900304,OneKey® MLS as Distributed by MLS Grid,866546,N,Y,40.7623544,-73.8229707
MLS Listing,,Townhouse,130-43 224 St,Laurelton,NY,11413,750000,3,2,Laurelton,1400,2000,1935,1,536,,Pre On-Market,,,https://www.redfin.com/NY/Laurelton/13043-224th-St-11413/home/20698940,OneKey® MLS as Distributed by MLS Grid,866521,N,Y,40.6820499,-73.742973
MLS Listing,,Multi-Family (2-4 Unit),107-29 122nd St,Richmond Hill,NY,11419,999000,5,3,Richmond Hill,1473,2150,1920,1,678,,Active,,,https://www.redfin.com/NY/South-Richmond-Hill/10729-122nd-St-11419/home/20769101,OneKey® MLS as Distributed by MLS Grid,866499,N,Y,40.6841144,-73.8198393
MLS Listing,,Multi-Family (2-4 Unit),215 Beach 96th St,Rockaway Beach,NY,11693,1299000,0,,Rockaway Beach,,2000,2005,1,,,Active,,,https://www.redfin.com/NY/Rockaway-Beach/215-Beach-96th-St-11693/home/20587774,OneKey® MLS as Distributed by MLS Grid,866516,N,Y,40.5856793,-73.8184147
MLS Listing,,Single Family Residential,13915 Coolidge Ave,Briarwood,NY,11435,1180000,3,2.5,Briarwood,1320,4390,1910,1,894,,Active,,,https://www.redfin.com/NY/Jamaica/13915-Coolidge-Ave-11435/home/20826452,OneKey® MLS as Distributed by MLS Grid,866336,N,Y,40.715358,-73.8192124
MLS Listing,,Multi-Family (2-4 Unit),182 Lowell Ave,Floral Park,NY,11001,1225000,6,3,Floral Park,2190,4000,1923,1,559,,Active,May-25-2025 02:00 PM,May-25-2025 04:00 PM,https://www.redfin.com/NY/Floral-Park/182-Lowell-Ave-11001/home/20552850,OneKey® MLS as Distributed by MLS Grid,866425,N,Y,40.7298456,-73.7047779
MLS Listing,,Condo/Co-op,105-24 64 Unit 4L,Forest Hills,NY,11375,249000,1,1,Forest Hills,400,,1950,1,623,,Active,,,https://www.redfin.com/NY/Forest-Hills/10524-64th-Rd-11375/unit-4L/home/20657033,OneKey® MLS as Distributed by MLS Grid,866498,N,Y,40.7315209,-73.8504364
MLS Listing,,Condo/Co-op,150-10 71st Ave Unit 6H,Kew Garden Hills,NY,11367,299000,1,1,Dara Gardens,800,,1950,1,374,,Active,,,https://www.redfin.com/NY/Flushing/15010-71st-Ave-11367/unit-6H/home/20631527,OneKey® MLS as Distributed by MLS Grid,863091,N,Y,40.728405,-73.816824
MLS Listing,,Condo/Co-op,35-27 81st St #2,Jackson Heights,NY,11372,450000,1,1,Jackson Heights,775,,1941,1,581,,Active,,,https://www.redfin.com/NY/Jackson-Heights/35-27-81st-St-11372/unit-2/home/185417749,OneKey® MLS as Distributed by MLS Grid,862868,N,Y,40.7509407,-73.8853564
MLS Listing,,Townhouse,8918 127th St,Richmond Hill,NY,11418,1298000,5,5,Richmond Hill,2490,2004,2009,1,521,,Active,,,https://www.redfin.com/NY/Richmond-Hill/8918-127th-St-11418/home/40222663,OneKey® MLS as Distributed by MLS Grid,866479,N,Y,40.698617,-73.8230109
MLS Listing,,Multi-Family (2-4 Unit),144-53 38th Ave,Flushing,NY,11354,2498000,0,,Flushing,,,1971,1,,,Active,,,https://www.redfin.com/NY/Flushing/14453-38th-Ave-11354/home/20855469,OneKey® MLS as Distributed by MLS Grid,866501,N,Y,40.7635513,-73.8207368
MLS Listing,,Multi-Family (2-4 Unit),133-50 123 St #2,South Ozone Park,NY,11420,1289000,5,3,South Ozone Park,2483,,2004,1,519,,Active,,,https://www.redfin.com/NY/Jamaica/133-50-123rd-St-11420/unit-2/home/182678645,OneKey® MLS as Distributed by MLS Grid,866493,N,Y,40.6700837,-73.8164181
MLS Listing,,Multi-Family (2-4 Unit),262 Grant Ave,Brooklyn,NY,11208,1198000,0,,Brooklyn,2080,2500,1910,1,576,,Active,,,https://www.redfin.com/NY/Brooklyn/262-Grant-Ave-11208/home/40763754,OneKey® MLS as Distributed by MLS Grid,866044,N,Y,40.6843932,-73.8676921
MLS Listing,,Single Family Residential,42-60 248 St,Little Neck,NY,11363,1450000,4,3,Little Neck,1484,4590,1950,1,977,,Active,,,https://www.redfin.com/NY/Little-Neck/4260-248th-St-11363/home/20801981,OneKey® MLS as Distributed by MLS Grid,866281,N,Y,40.769067,-73.7404835
MLS Listing,,Condo/Co-op,2311 21st Ave Unit 3C,Astoria,NY,11105,615000,1,1,Astoria,575,,2008,1,1070,,Active,May-25-2025 09:00 AM,May-25-2025 12:00 PM,https://www.redfin.com/NY/Astoria/2311-21st-Ave-11105/unit-3C/home/40221099,OneKey® MLS as Distributed by MLS Grid,865652,N,Y,40.7815161,-73.913078
MLS Listing,,Multi-Family (2-4 Unit),34-38 92 St,Jackson Heights,NY,11372,789000,6,2,Jackson Heights,,2600,1920,1,,,Active,,,https://www.redfin.com/NY/Jackson-Heights/3438-92nd-St-11372/home/20932120,OneKey® MLS as Distributed by MLS Grid,866435,N,Y,40.7536267,-73.8757775
MLS Listing,,Single Family Residential,158-44 87th St,Howard Beach,NY,11414,1549000,3,3,Howard Beach,2280,,1950,1,679,,Active,,,https://www.redfin.com/NY/Howard-Beach/15844-87th-St-11414/home/20684079,OneKey® MLS as Distributed by MLS Grid,865958,N,Y,40.6587778,-73.8458081
MLS Listing,,Condo/Co-op,149-22 Melbourne Ave Unit 399B,Flushing,NY,11367,295800,1,1,Flushing,720,,1951,1,411,,Active,,,https://www.redfin.com/NY/Flushing/149-22-Melbourne-Ave-11367/unit-399B/home/195897073,OneKey® MLS as Distributed by MLS Grid,866417,N,Y,40.7341149,-73.8209259
MLS Listing,,Townhouse,149-45 83 St,Howard Beach,NY,11414,1349000,7,5,Howard Beach,2500,3508,1960,1,540,,Active,,,https://www.redfin.com/NY/Howard-Beach/14945-83rd-St-11414/home/20727919,OneKey® MLS as Distributed by MLS Grid,866406,N,Y,40.6679391,-73.85144
MLS Listing,,Condo/Co-op,149-22 Melbourne Ave Unit 399A,Flushing,NY,11367,295800,1,1,Flushing,720,,1951,1,411,,Active,,,https://www.redfin.com/NY/Flushing/149-22-Melbourne-Ave-11367/unit-399A/home/195896917,OneKey® MLS as Distributed by MLS Grid,866401,N,Y,40.7341149,-73.8209259
MLS Listing,,Single Family Residential,225-35 106th Ave,Queens Village,NY,11429,738000,4,3.5,Queens Village,1263,2550,1925,1,584,,Active,,,https://www.redfin.com/NY/Queens-Village/22535-106th-Ave-11429/home/20731943,OneKey® MLS as Distributed by MLS Grid,865392,N,Y,40.7089156,-73.7292367
MLS Listing,,Multi-Family (2-4 Unit),40-19 68 St,Woodside,NY,11377,1549000,6,4,Woodside,2500,2000,1915,1,620,,Active,,,https://www.redfin.com/NY/Woodside/4019-68th-St-11377/home/20938231,OneKey® MLS as Distributed by MLS Grid,866383,N,Y,40.7456762,-73.8968792
MLS Listing,,Condo/Co-op,3343 14 St Unit 12B,Astoria,NY,11106,575000,2,1,North Queensview Homes,880,,1958,1,653,,Active,,,https://www.redfin.com/NY/Astoria/3343-14th-St-11106/unit-12B/home/20661918,OneKey® MLS as Distributed by MLS Grid,866363,N,Y,40.7643567,-73.9344347
MLS Listing,,Multi-Family (2-4 Unit),199 Lincoln Ave,Brooklyn,NY,11208,925000,6,2,Brooklyn,2284,1750,1899,1,405,,Active,,,https://www.redfin.com/NY/Brooklyn/199-Lincoln-Ave-11208/home/40763383,OneKey® MLS as Distributed by MLS Grid,866340,N,Y,40.6853184,-73.869512
MLS Listing,,Condo/Co-op,32-58 105th St Unit 4G,East Elmhurst,NY,11369,598000,2,2,East Elmhurst,739,,2018,1,809,301,Active,,,https://www.redfin.com/NY/East-Elmhurst/3258-105th-St-11369/unit-4G/home/192277255,OneKey® MLS as Distributed by MLS Grid,865997,N,Y,40.7580051,-73.8638572
MLS Listing,,Condo/Co-op,249-42 57th Ave #2,Little Neck,NY,11362,420000,2,1,Deepdale Gardens,960,,1952,1,438,,Active,May-25-2025 12:00 PM,May-25-2025 01:30 PM,https://www.redfin.com/NY/Queens/24942-57th-Ave-11362/unit-2/home/182717858,OneKey® MLS as Distributed by MLS Grid,866277,N,Y,40.7601665,-73.7301749
MLS Listing,,Condo/Co-op,150-38 Union Tpke Unit 4D,Flushing,NY,11367,359000,1,1,Village Mall @ Hillcrest,,,1973,1,,,Active,,,https://www.redfin.com/NY/Flushing/15038-Union-Tpke-11367/unit-4D/home/20822818,OneKey® MLS as Distributed by MLS Grid,866311,N,Y,40.7187459,-73.8112615
MLS Listing,,Single Family Residential,6923 Caldwell Ave,Maspeth,NY,11378,1298000,3,2,Maspeth,1464,4750,1925,1,887,,Active,May-24-2025 01:30 PM,May-24-2025 03:30 PM,https://www.redfin.com/NY/Maspeth/6923-Caldwell-Ave-11378/home/20905723,OneKey® MLS as Distributed by MLS Grid,864297,N,Y,40.7237593,-73.8933971
MLS Listing,,Single Family Residential,117-07 202 St,Saint Albans,NY,11412,769000,3,2.5,Saint Albans,1122,2500,1955,1,685,,Active,,,https://www.redfin.com/NY/Saint-Albans/11707-202nd-St-11412/home/20704759,OneKey® MLS as Distributed by MLS Grid,866308,N,Y,40.6948707,-73.7496555
MLS Listing,,Condo/Co-op,71-17 Sutton Pl Unit 1st Floor,Fresh Meadows,NY,11365,579000,2,2,Fresh Meadows,862,,1988,1,672,355,Pre On-Market,,,https://www.redfin.com/NY/Fresh-Meadows/7117-Sutton-Pl-11365/unit-1/home/20822872,OneKey® MLS as Distributed by MLS Grid,862300,N,Y,40.7298434,-73.8079863
MLS Listing,,Vacant Land,116-18 Grosvenor Ln,Kew Gardens,NY,11418,3550000,,,Kew Gardens,,5317,,1,,,Active,,,https://www.redfin.com/NY/Richmond-Hill/11618-Grosvenor-Ln-11418/home/20888586,OneKey® MLS as Distributed by MLS Grid,865843,N,Y,40.7067937,-73.8358552
MLS Listing,,Condo/Co-op,131-02B 40th Rd Unit 12O,Flushing,NY,11354,583000,1,1,Long Field,492,238952,2023,1,1185,309,Active,,,https://www.redfin.com/NY/Flushing/131-02-40th-Rd-11354/unit-12O/home/195895714,OneKey® MLS as Distributed by MLS Grid,866291,N,Y,40.7553969,-73.8373872
MLS Listing,,Single Family Residential,11432 127th St,South Ozone Park,NY,11420,650000,3,2.5,South Ozone Park,1280,1958,1935,1,508,,Active,May-31-2025 12:00 PM,May-31-2025 02:00 PM,https://www.redfin.com/NY/South-Ozone-Park/11432-127th-St-11420/home/20725322,OneKey® MLS as Distributed by MLS Grid,866272,N,Y,40.679773,-73.813266
MLS Listing,,Condo/Co-op,131-02B 40th Rd Unit 3Q,Flushing,NY,11354,601000,1,1,Long Field,600,238952,2023,1,1002,375,Active,,,https://www.redfin.com/NY/Flushing/131-02-40th-Rd-11354/unit-3Q/home/195895661,OneKey® MLS as Distributed by MLS Grid,866285,N,Y,40.7553969,-73.8373872
MLS Listing,,Multi-Family (2-4 Unit),11509 196th St,Saint Albans,NY,11412,798888,4,3,Saint Albans,1580,3000,1930,1,506,,Active,,,https://www.redfin.com/NY/Saint-Albans/11509-196th-St-11412/home/20738398,OneKey® MLS as Distributed by MLS Grid,866265,N,Y,40.6968473,-73.7570601
MLS Listing,,Single Family Residential,0 Cross Bay Blvd,Broad Channel,NY,11693,629000,3,1.5,Broad Channel,1402,2280,1925,1,449,,Active,,,https://www.redfin.com/NY/Queens/Cross-Bay-Blvd-11693/home/23250556,OneKey® MLS as Distributed by MLS Grid,866264,N,Y,40.609692,-73.819456
MLS Listing,,Multi-Family (2-4 Unit),190-30 103rd Ave,Hollis,NY,11423,999000,5,3,Hollis,2944,,1920,1,339,,Active,May-25-2025 02:00 PM,May-25-2025 03:30 PM,https://www.redfin.com/NY/Hollis/19030-103rd-Ave-11423/home/20741845,OneKey® MLS as Distributed by MLS Grid,864832,N,Y,40.7074486,-73.7663514
MLS Listing,,Single Family Residential,142-30 13th Ave,Malba,NY,11357,1899000,3,3.5,Malba,2200,4200,2008,1,863,,Active,,,https://www.redfin.com/NY/Whitestone/14230-13th-Ave-11357/home/21693677,OneKey® MLS as Distributed by MLS Grid,864780,N,Y,40.7877737,-73.8263988
MLS Listing,,Condo/Co-op,84-40 153 Ave Unit 4F,Howard Beach,NY,11414,210000,1,1,Howard Beach,500,,1964,1,420,753,Active,,,https://www.redfin.com/NY/Howard-Beach/8440-153rd-Ave-11414/unit-4F/home/174694123,OneKey® MLS as Distributed by MLS Grid,866060,N,Y,40.665941,-73.848104
MLS Listing,,Single Family Residential,701 127th St,Queens,NY,11356,1200000,3,1.5,Queens,1200,6000,1920,1,1000,,Active,,,https://www.redfin.com/NY/College-Point/701-127th-St-11356/home/20873317,BNYMLS,492931,N,Y,40.790548,-73.8406583
MLS Listing,,Single Family Residential,52-04 Redfield St,Douglaston,NY,11362,1760000,5,3,Douglaston,2775,,1960,1,634,,Active,May-24-2025 02:00 PM,May-24-2025 04:00 PM,https://www.redfin.com/NY/Little-Neck/5204-Redfield-St-11362/home/20800640,OneKey® MLS as Distributed by MLS Grid,866199,N,Y,40.7596182,-73.7402847
MLS Listing,,Multi-Family (2-4 Unit),168-19 116th Ave,Jamaica,NY,11434,989999,4,2,Jamaica,,4000,1930,1,,,Active,,,https://www.redfin.com/NY/Jamaica/16819-116th-Ave-11434/home/20710482,OneKey® MLS as Distributed by MLS Grid,864752,N,Y,40.6877287,-73.7790531
MLS Listing,,Condo/Co-op,152-45 Jewel Ave Unit 160A,Flushing,NY,11367,298000,1,1,Flushing,,,1952,2,,,Active,,,https://www.redfin.com/NY/Flushing/15245-Jewel-Ave-11367/unit-160A/home/167454259,OneKey® MLS as Distributed by MLS Grid,863911,N,Y,40.7325941,-73.8162915
MLS Listing,,Condo/Co-op,68-14 150th St Unit 463B,Flushing,NY,11367,298000,1,1,Flushing,,,1952,2,,,Active,,,https://www.redfin.com/NY/Flushing/6814-150th-St-11367/unit-463B/home/167454199,OneKey® MLS as Distributed by MLS Grid,863898,N,Y,40.732211,-73.8199961
MLS Listing,,Multi-Family (2-4 Unit),16140 98th St,Howard Beach,NY,11414,1400000,6,5,Howard Beach,2183,4000,1930,2,641,,Pre On-Market,,,https://www.redfin.com/NY/Howard-Beach/16140-98th-St-11414/home/20682603,OneKey® MLS as Distributed by MLS Grid,864149,N,Y,40.655297,-73.834371
MLS Listing,,Townhouse,14848 231st St,Springfield Gardens,NY,11413,995000,6,3,Springfield Gardens,3000,3000,1970,2,332,,Active,,,https://www.redfin.com/NY/Springfield-Gardens/14848-231st-St-11413/home/20686112,OneKey® MLS as Distributed by MLS Grid,866178,N,Y,40.6549024,-73.7521163
MLS Listing,,Condo/Co-op,142-05 Roosevelt Ave #301,Flushing,NY,11354,240000,0,1,Flushing,600,,1965,2,400,,Pre On-Market,,,https://www.redfin.com/NY/Flushing/14205-Roosevelt-Ave-11354/unit-301/home/20654903,OneKey® MLS as Distributed by MLS Grid,865074,N,Y,40.761002,-73.825895
MLS Listing,,Multi-Family (2-4 Unit),190-12 Station Rd,Flushing,NY,11358,1688000,8,4,Aurburndale,3240,3900,1950,2,521,,Active,,,https://www.redfin.com/NY/Flushing/190-12-Station-Rd-11358/home/179459784,OneKey® MLS as Distributed by MLS Grid,859703,N,Y,40.76077,-73.791117
MLS Listing,,Single Family Residential,24-06 169 St,Whitestone,NY,11357,1049000,3,1.5,Whitestone,1438,4000,1940,2,729,,Active,May-25-2025 01:00 PM,May-25-2025 03:00 PM,https://www.redfin.com/NY/Whitestone/2406-169th-St-11357/home/20843984,OneKey® MLS as Distributed by MLS Grid,866163,N,Y,40.7754468,-73.7955909
MLS Listing,,Single Family Residential,4321 220th Pl,Bayside,NY,11361,1488000,5,3,Bayside,1688,5198,1920,2,882,,Active,,,https://www.redfin.com/NY/Bayside/4321-220th-Pl-11361/home/20826346,OneKey® MLS as Distributed by MLS Grid,866158,N,Y,40.7622244,-73.7610471
MLS Listing,,Single Family Residential,261-16 E Williston Ave,Floral Park,NY,1001,2399000,4,5,Floral Park,4000,6262,2024,2,600,,Active,May-25-2025 12:00 PM,May-25-2025 02:00 PM,https://www.redfin.com/NY/Floral-Park/26116-E-Williston-Ave-11001/home/20790397,OneKey® MLS as Distributed by MLS Grid,865770,N,Y,40.7359486,-73.7060838
MLS Listing,,Single Family Residential,61-28 81st St,Middle Village,NY,11379,948000,3,1,Middle Village,2040,2000,1950,2,465,,Active,,,https://www.redfin.com/NY/Middle-Village/6128-81st-St-11379/home/20900270,OneKey® MLS as Distributed by MLS Grid,866138,N,Y,40.7245643,-73.8780162
MLS Listing,,Condo/Co-op,69-50 138th St Unit A,Flushing,NY,11367,299000,1,1,Flushing,730,,1950,2,410,,Active,,,https://www.redfin.com/NY/Flushing/6950-138th-St-11367/unit-A/home/59310776,OneKey® MLS as Distributed by MLS Grid,866129,N,Y,40.7294167,-73.8281259
MLS Listing,,Multi-Family (2-4 Unit),66-16 Seaspray Ave,Arverne,NY,11692,1150000,5,4,Arverne,,2143,2011,2,,,Active,,,https://www.redfin.com/NY/Arverne/6616-Seaspray-Ave-11692/home/45109643,OneKey® MLS as Distributed by MLS Grid,866121,N,Y,40.5887578,-73.7953475
MLS Listing,,Single Family Residential,116-43 145th St,Jamaica,NY,11436,675000,3,2,Jamaica,1521,,1960,2,444,,Active,,,https://www.redfin.com/NY/Jamaica/11643-145th-St-11436/home/20718634,OneKey® MLS as Distributed by MLS Grid,833954,N,Y,40.6801893,-73.7964375
MLS Listing,,Single Family Residential,73-20 52nd Rd,Maspeth,NY,11378,1098000,5,2,Maspeth,2268,3050,1945,2,484,,Active,,,https://www.redfin.com/NY/Maspeth/7320-52nd-Rd-11378/home/20909499,OneKey® MLS as Distributed by MLS Grid,866117,N,Y,40.7331193,-73.8895391
MLS Listing,,Condo/Co-op,94-31 59 Ave Unit 4B,Elmhurst,NY,11373,399000,2,1,Elmhurst,980,,1962,2,407,,Active,,,https://www.redfin.com/NY/Queens/9431-59th-Ave-11373/unit-4B/home/179985195,OneKey® MLS as Distributed by MLS Grid,863981,N,Y,40.7353057,-73.865774
MLS Listing,,Single Family Residential,83-34 169th St,Jamaica,NY,11432,899000,4,2,Jamaica,1668,4000,1925,2,539,,Active,,,https://www.redfin.com/NY/Jamaica/8334-169th-St-11432/home/20764076,OneKey® MLS as Distributed by MLS Grid,865545,N,Y,40.7165882,-73.796226
MLS Listing,,Condo/Co-op,67-66 108 St Unit D5,Forest Hills,NY,11375,449000,1,1,Forest Hills,750,,1949,2,599,,Active,,,https://www.redfin.com/NY/Forest-Hills/6766-108th-St-11375/unit-D5/home/173531066,OneKey® MLS as Distributed by MLS Grid,866104,N,Y,40.7272034,-73.8471901
MLS Listing,,Multi-Family (2-4 Unit),11-28 Welling Ct,Astoria,NY,11102,1450000,6,3,Astoria,,2212,1925,2,,,Active,,,https://www.redfin.com/NY/Astoria/1128-Welling-Ct-11102/home/20957082,OneKey® MLS as Distributed by MLS Grid,866086,N,Y,40.7712317,-73.9331162
MLS Listing,,Condo/Co-op,42-31 Colden St Unit R7A,Flushing,NY,11355,1599000,3,3,Flushing,2428,,1997,2,659,819,Active,,,https://www.redfin.com/NY/Flushing/4231-Colden-St-11355/unit-R7A/home/20854588,OneKey® MLS as Distributed by MLS Grid,865992,N,Y,40.7540864,-73.8258653
MLS Listing,,Single Family Residential,117-67 140th,Jamaica,NY,11420,799900,4,3,Jamaica,1136,,1930,2,704,,Active,,,https://www.redfin.com/NY/Jamaica/11767-140th-St-11436/home/23173706,OneKey® MLS as Distributed by MLS Grid,866084,N,Y,40.6762843,-73.8008604
MLS Listing,,Condo/Co-op,133-20 87 St #3,Ozone Park,NY,11417,560000,2,2,Ozone Park,1202,,1987,2,466,,Active,,,https://www.redfin.com/NY/Ozone-Park/133-20-87th-St-11417/unit-3/home/195887054,OneKey® MLS as Distributed by MLS Grid,866080,N,Y,40.6738436,-73.8495701
MLS Listing,,Single Family Residential,25953 149th Ave,Rosedale,NY,11422,799999,3,2.5,Rosedale,1406,2700,1950,2,569,,Active,,,https://www.redfin.com/NY/Rosedale/25953-149th-Ave-11422/home/20687157,OneKey® MLS as Distributed by MLS Grid,866078,N,Y,40.6530533,-73.7277479
MLS Listing,,Single Family Residential,6916 Almeda Ave,Arverne,NY,11692,749000,3,3,Arverne,2176,2000,1920,2,344,,Active,May-25-2025 03:00 PM,May-25-2025 04:00 PM,https://www.redfin.com/NY/Arverne/6916-Almeda-Ave-11692/home/20672006,OneKey® MLS as Distributed by MLS Grid,866077,N,Y,40.5969991,-73.7993054
MLS Listing,,Vacant Land,93-50 224th St,Queens Village,NY,11428,2000000,,,Queens Village,,7500,,2,,,Active,,,https://www.redfin.com/NY/Queens-Village/9350-224th-St-11428/home/20747320,OneKey® MLS as Distributed by MLS Grid,866059,N,Y,40.7221624,-73.7314537
MLS Listing,,Multi-Family (2-4 Unit),205 Aquatic Pl,Arverne,NY,11692,999000,5,4,Palmers Landing at Arverne By The Sea,,2483,2004,2,,,Active,,,https://www.redfin.com/NY/Arverne/205-Aquatic-Pl-11692/home/20663118,OneKey® MLS as Distributed by MLS Grid,866058,N,Y,40.5890901,-73.8022167
MLS Listing,,Single Family Residential,154-02 119th Ave,Jamaica,NY,11434,669000,3,2,Jamaica,1024,,1940,2,653,,Active,,,https://www.redfin.com/NY/Jamaica/15402-119th-Ave-11434/home/20709754,OneKey® MLS as Distributed by MLS Grid,866055,N,Y,40.6797051,-73.7882451
MLS Listing,,Vacant Land,93-44 224th St,Queens Village,NY,11428,2900000,,,Queens Village,,10000,,2,,,Active,,,https://www.redfin.com/NY/Queens-Village/9344-224th-St-11428/home/20747341,OneKey® MLS as Distributed by MLS Grid,866046,N,Y,40.7223631,-73.7315374
MLS Listing,,Condo/Co-op,90-02 63 Dr Unit 5C,Rego Park,NY,11374,319800,1,1,Rego Park,600,,1955,2,533,,Active,,,https://www.redfin.com/NY/Rego-Park/9002-63rd-Dr-11374/unit-5C/home/195886784,OneKey® MLS as Distributed by MLS Grid,866043,N,Y,40.7255729,-73.8649607
MLS Listing,,Condo/Co-op,30-11 Parsons Blvd Unit 6 R,Flushing,NY,11354,279000,1,1,Flushing,950,,1930,2,294,,Active,,,https://www.redfin.com/NY/Flushing/30-11-Parsons-Blvd-11354/unit-6-R/home/195886695,OneKey® MLS as Distributed by MLS Grid,866020,N,Y,40.7701342,-73.8241876
MLS Listing,,Condo/Co-op,99-31 66th Ave Unit 5A,Rego Park,NY,11374,849000,2,2,Rego Park,1348,,2008,2,630,575,Active,,,https://www.redfin.com/NY/Rego-Park/9931-66th-Ave-11374/unit-5A/home/21690837,OneKey® MLS as Distributed by MLS Grid,865959,N,Y,40.7288322,-73.8537142
MLS Listing,,Condo/Co-op,152-18 Union Tpke Unit 4G,Flushing,NY,11367,649000,2,2,Flushing,1002,,1973,2,648,816,Active,,,https://www.redfin.com/NY/Flushing/152-18-Union-Tpke-11367/unit-4G/home/195886581,OneKey® MLS as Distributed by MLS Grid,866025,N,Y,40.7188694,-73.8111217
MLS Listing,,Condo/Co-op,38-20 Parsons Blvd #315,Flushing,NY,11354,620000,1,1,Flushing,500,,2025,2,1240,217,Active,May-24-2025 01:00 PM,May-24-2025 04:00 PM,https://www.redfin.com/NY/Flushing/38-20-Parsons-Blvd-11354/unit-315/home/195886210,OneKey® MLS as Distributed by MLS Grid,865998,N,Y,40.7623544,-73.8229707
MLS Listing,,Single Family Residential,154-6 64th Ave,Flushing,NY,11367,1130000,4,2.5,Flushing,1728,1980,1950,2,654,,Active,May-24-2025 02:00 PM,May-24-2025 04:00 PM,https://www.redfin.com/NY/Flushing/154-6-64th-Ave-11367/home/195886183,OneKey® MLS as Distributed by MLS Grid,865995,N,Y,40.7377414,-73.8144399
MLS Listing,,Condo/Co-op,38-20 Parsons Blvd #312,Flushing,NY,11354,620980,1,1,Flushing,509,,2025,2,1220,220,Active,May-24-2025 01:00 PM,May-24-2025 04:00 PM,https://www.redfin.com/NY/Flushing/38-20-Parsons-Blvd-11354/unit-312/home/195797153,OneKey® MLS as Distributed by MLS Grid,865984,N,Y,40.7623544,-73.8229707
MLS Listing,,Condo/Co-op,38-20 Parsons Blvd #305,Flushing,NY,11354,498000,0,1,Flushing,365,,2025,2,1364,158,Active,May-24-2025 01:00 PM,May-24-2025 04:00 PM,https://www.redfin.com/NY/Flushing/38-20-Parsons-Blvd-11354/unit-305/home/195879340,OneKey® MLS as Distributed by MLS Grid,865981,N,Y,40.7623544,-73.8229707
MLS Listing,,Condo/Co-op,38-20 Parsons Blvd #303,Flushing,NY,11354,636840,1,1,Flushing,522,,2025,2,1220,226,Active,,,https://www.redfin.com/NY/Flushing/38-20-Parsons-Blvd-11354/unit-303/home/195879314,OneKey® MLS as Distributed by MLS Grid,865977,N,Y,40.7623544,-73.8229707
MLS Listing,,Condo/Co-op,38-20 Parsons Blvd #222,Flushing,NY,11354,686850,1,1,Flushing,497,,2025,2,1382,215,Active,May-24-2025 01:00 PM,May-24-2025 04:00 PM,https://www.redfin.com/NY/Flushing/38-20-Parsons-Blvd-11354/unit-222/home/195878863,OneKey® MLS as Distributed by MLS Grid,865975,N,Y,40.7623544,-73.8229707
MLS Listing,,Townhouse,9114 110th St,Richmond Hill,NY,11418,929999,5,3,Richmond Hill,1450,2000,1920,2,641,,Pre On-Market,,,https://www.redfin.com/NY/Richmond-Hill/9114-110th-St-11418/home/20772389,OneKey® MLS as Distributed by MLS Grid,865972,N,Y,40.6936934,-73.8369268
MLS Listing,,Single Family Residential,32-37 200th St,Bayside,NY,11361,818888,3,1,Bayside,1080,1957,1930,2,758,,Active,,,https://www.redfin.com/NY/Bayside/3237-200th-St-11361/home/20833795,OneKey® MLS as Distributed by MLS Grid,863347,N,Y,40.7687002,-73.7885659
MLS Listing,,Condo/Co-op,10-11 162nd St Unit 7A,Beechhurst,NY,11357,349000,1,1,Le Havre,882,,1958,2,396,,Active,,,https://www.redfin.com/NY/Whitestone/1011-162nd-St-11357/unit-7A/home/20653856,OneKey® MLS as Distributed by MLS Grid,865625,N,Y,40.79212,-73.799303
MLS Listing,,Condo/Co-op,153-25 88th St Unit 4B,Howard Beach,NY,11414,229000,2,1,The Ardsley,75,,1961,2,3053,,Active,,,https://www.redfin.com/NY/Howard-Beach/153-25-88th-St-11414/unit-4B/home/193425320,OneKey® MLS as Distributed by MLS Grid,865946,N,Y,40.6661012,-73.8471882
MLS Listing,,Single Family Residential,25-31/33 Francis Lewis Blvd,Whitestone,NY,11358,1499000,6,3,Whitestone,2800,2614,1960,2,535,,Active,May-24-2025 12:00 PM,May-24-2025 04:00 PM,https://www.redfin.com/NY/Flushing/25-31-Francis-Lewis-Blvd-11358/home/195831227,OneKey® MLS as Distributed by MLS Grid,862731,N,Y,40.7738949,-73.7967851
MLS Listing,,Multi-Family (2-4 Unit),5014 63rd St,Woodside,NY,11377,1075000,5,3,Woodside,1520,2000,1945,2,707,,Active,,,https://www.redfin.com/NY/Woodside/5014-63rd-St-11377/home/20911843,OneKey® MLS as Distributed by MLS Grid,865649,N,Y,40.7366442,-73.9030401
MLS Listing,,Single Family Residential,45-31 169th St,Flushing,NY,11358,1188000,4,1,Flushing,1360,4200,1930,2,874,,Pre On-Market,,,https://www.redfin.com/NY/Flushing/4531-169th-St-11358/home/20848364,OneKey® MLS as Distributed by MLS Grid,865920,N,Y,40.7549336,-73.7978756
MLS Listing,,Single Family Residential,3611 204th St,Bayside,NY,11361,1548000,5,3,Bayside,2286,4000,1935,2,677,,Active,,,https://www.redfin.com/NY/Bayside/3611-204th-St-11361/home/20836347,OneKey® MLS as Distributed by MLS Grid,859851,N,Y,40.7647899,-73.7824346
MLS Listing,,Multi-Family (2-4 Unit),5307 65th Pl,Maspeth,NY,11378,1000000,4,3,Maspeth,1368,2903,1930,2,731,,Active,,,https://www.redfin.com/NY/Maspeth/5307-65th-Pl-11378/home/20911755,OneKey® MLS as Distributed by MLS Grid,865274,N,Y,40.7310884,-73.8998927
MLS Listing,,Condo/Co-op,31-16 21st St Unit 5B,Astoria,NY,11106,1150000,2,2,31-16 21st St (Oasis),866,10608,2024,2,1328,374,Active,May-25-2025 12:00 PM,May-25-2025 02:00 PM,https://www.redfin.com/NY/Long-Island-City/3116-21st-St-11106/unit-5B/home/192974743,OneKey® MLS as Distributed by MLS Grid,L3583580,N,Y,40.767004,-73.930531
MLS Listing,,Condo/Co-op,6636 Yellowstone Blvd Unit 6E,Forest Hills,NY,11375,469000,1,1,Forest Hills,1150,,1964,2,408,,Active,,,https://www.redfin.com/NY/Forest-Hills/6636-Yellowstone-Blvd-11375/unit-6E/home/112881114,OneKey® MLS as Distributed by MLS Grid,864818,N,Y,40.728651,-73.849805
MLS Listing,,Condo/Co-op,155 17 Sanford Ave Unit 6F,Flushing,NY,11355,312000,1,1,Flushing,635,,1928,2,491,,Active,,,https://www.redfin.com/NY/Flushing/161-17-Sanford-Ave-11358/unit-6F/home/195877756,OneKey® MLS as Distributed by MLS Grid,865521,N,Y,40.760425,-73.8041736
MLS Listing,,Multi-Family (2-4 Unit),200-15 16 Ave,Bayside,NY,11360,2095000,9,6,Bayside,3002,4000,1993,2,698,,Pre On-Market,,,https://www.redfin.com/NY/Bayside/20015-16th-Ave-11360/home/20844211,OneKey® MLS as Distributed by MLS Grid,865152,N,Y,40.7844418,-73.7932181
MLS Listing,,Condo/Co-op,71-19 162 St,Fresh Meadows,NY,11365,699000,3,2,Fresh Meadows,1718,,2007,2,407,809,Active,,,https://www.redfin.com/NY/Fresh-Meadows/7119-162nd-St-11365/home/21689427,OneKey® MLS as Distributed by MLS Grid,865861,N,Y,40.7302326,-73.8068715
MLS Listing,,Single Family Residential,61-16 84th St,Middle Village,NY,11379,898000,3,1,Middle Village,1528,2210,1940,2,588,,Active,May-24-2025 02:00 PM,May-24-2025 04:00 PM,https://www.redfin.com/NY/Middle-Village/6116-84th-St-11379/home/20897213,OneKey® MLS as Distributed by MLS Grid,865862,N,Y,40.7265534,-73.8744749
MLS Listing,,Condo/Co-op,26-26 Jackson Ave #402,Long Island City,NY,11101,1375000,2,2,Long Island City,1048,,2007,2,1312,,Active,,,https://www.redfin.com/NY/Long-Island-City/2626-Jackson-Ave-11101/unit-402/home/28684625,OneKey® MLS as Distributed by MLS Grid,865860,N,Y,40.746774,-73.940721
MLS Listing,,Single Family Residential,109-44 121st St,South Ozone Park,NY,11420,995000,3,1,South Ozone Park,1500,4000,1930,2,663,,Active,,,https://www.redfin.com/NY/South-Ozone-Park/10944-121st-St-11420/home/20725188,OneKey® MLS as Distributed by MLS Grid,865828,N,Y,40.6815515,-73.8200691
MLS Listing,,Condo/Co-op,31-53 Linden Pl Unit 4B,Flushing,NY,11354,730000,2,2,Flushing,750,,2011,2,973,,Active,May-24-2025 03:30 AM,May-24-2025 05:30 PM,https://www.redfin.com/NY/Flushing/3153-Linden-Pl-11354/unit-4B/home/180603334,BNYMLS,492904,N,Y,40.7679802,-73.8316727
MLS Listing,,Single Family Residential,82-60 166th St,Jamaica,NY,11432,949000,4,2,Jamaica,2414,2414,1925,2,393,,Active,May-25-2025 12:00 PM,May-25-2025 02:00 PM,https://www.redfin.com/NY/Jamaica/8260-166th-St-11432/home/20813904,OneKey® MLS as Distributed by MLS Grid,865745,N,Y,40.7180779,-73.8005847
MLS Listing,,Condo/Co-op,167-11 Powells Cove Blvd Blvd #27,Beechhurst,NY,11357,849000,3,2.5,Wild Flower Estate,1645,,1999,2,516,1424,Active,,,https://www.redfin.com/NY/Whitestone/16711-Powells-Cove-Blvd-11357/unit-27/home/20669042,OneKey® MLS as Distributed by MLS Grid,865829,N,Y,40.794209,-73.795112
MLS Listing,,Condo/Co-op,139-30 34th Ave Unit 3B,Flushing,NY,11355,580000,1,1,Flushing,580,,2014,2,1000,250,Active,,,https://www.redfin.com/NY/Flushing/13930-34th-Ave-11354/unit-3B/home/59307917,OneKey® MLS as Distributed by MLS Grid,865823,N,Y,40.7667932,-73.8280391
MLS Listing,,Multi-Family (2-4 Unit),14602 180th St,Springfield Gardens,NY,11434,1500000,6,4,Springfield Gardens,2400,1440,1998,2,625,,Active,,,https://www.redfin.com/NY/Jamaica/14602-180th-St-11434/home/20690927,OneKey® MLS as Distributed by MLS Grid,865790,N,Y,40.6630927,-73.7660826
MLS Listing,,Multi-Family (2-4 Unit),94-30 50th Ave,Elmhurst,NY,11373,1598000,0,,Elmhurst,,,1920,2,,,Active,May-24-2025 03:00 PM,May-24-2025 04:00 PM,https://www.redfin.com/NY/Elmhurst/9430-50th-Ave-11373/home/20919405,OneKey® MLS as Distributed by MLS Grid,865810,N,Y,40.7413209,-73.8683667
MLS Listing,,Vacant Land,40 Rockaway Blvd,Far Rockaway,NY,,349888,,,Far Rockaway,,2500,,2,,,Active,,,https://www.redfin.com/NY/Jamaica/105-40-Rockaway-Blvd-11417/home/195876312,OneKey® MLS as Distributed by MLS Grid,865797,N,Y,40.6783721,-73.8332209
MLS Listing,,Multi-Family (2-4 Unit),3004 14th St,Astoria,NY,11102,1299000,5,2,Astoria,1800,1875,1925,2,722,,Active,,,https://www.redfin.com/NY/Astoria/3004-14th-St-11102/home/20956455,OneKey® MLS as Distributed by MLS Grid,865796,N,Y,40.7707786,-73.9302414
MLS Listing,,Single Family Residential,12819 234th St,Rosedale,NY,11422,615000,3,2,Rosedale,963,3895,1955,2,639,,Active,,,https://www.redfin.com/NY/Rosedale/12819-234th-St-11422/home/20701247,OneKey® MLS as Distributed by MLS Grid,865789,N,Y,40.6821645,-73.7321789
MLS Listing,,Condo/Co-op,164-20 Highland Ave Unit 8W,Jamaica,NY,11432,125000,0,1,Jamaica,500,,1958,2,250,551,Active,,,https://www.redfin.com/NY/Queens/164-20-Highland-Ave-11432/unit-8W/home/188581130,OneKey® MLS as Distributed by MLS Grid,828829,N,Y,40.7101573,-73.7988498
MLS Listing,,Vacant Land,40 Rockaway Beach Blvd,Far Rockaway,NY,11691,349888,,,Far Rockaway,,2500,,2,,,Active,,,https://www.redfin.com/NY/Far-Rockaway/40-49-Rockaway-Beach-Blvd-11691/home/195876313,OneKey® MLS as Distributed by MLS Grid,865779,N,Y,40.5939782,-73.772712
MLS Listing,,Condo/Co-op,21-55 34th Ave Unit 3C,Long Island City,NY,11106,629000,3,1.5,Long Island City,1100,,1945,2,572,1100,Active,,,https://www.redfin.com/NY/Astoria/21-55-34th-Ave-11106/unit-3C/home/195876163,OneKey® MLS as Distributed by MLS Grid,858079,N,Y,40.762146,-73.9318948
MLS Listing,,Single Family Residential,293 85 Ave,Floral Park,NY,11001,1150000,3,2,Floral Park,1334,,1972,2,862,,Active,,,https://www.redfin.com/NY/Floral-Park/293-85th-Ave-11001/home/20555116,OneKey® MLS as Distributed by MLS Grid,835305,N,Y,40.736871,-73.7016067
MLS Listing,,Multi-Family (2-4 Unit),147-40 Jewel Ave,Kew Garden Hills,NY,11367,3988000,11,6,Kew Garden Hills,,,2000,2,,,Active,,,https://www.redfin.com/NY/Flushing/14740-Jewel-Ave-11367/home/20823240,OneKey® MLS as Distributed by MLS Grid,865465,N,Y,40.7308218,-73.820038
MLS Listing,,Single Family Residential,254-20 87 Rd,Bellerose,NY,11426,689000,3,2.5,Bellerose,1569,,1950,2,439,,Active,May-25-2025 12:00 PM,May-25-2025 01:00 PM,https://www.redfin.com/NY/Bellerose/25420-87th-Rd-11426/home/20794199,OneKey® MLS as Distributed by MLS Grid,865728,N,Y,40.7291856,-73.7109865
MLS Listing,,Condo/Co-op,30-55 Vernon Blvd Unit 7G,Long Island City,NY,11102,895000,1,1,Nusun Vernon,653,,2025,2,1371,496,Active,,,https://www.redfin.com/NY/Long-Island-City/30-55-Vernon-Blvd-11102/unit-7G/home/195875769,OneKey® MLS as Distributed by MLS Grid,865537,N,Y,40.7707481,-73.9340533
MLS Listing,,Condo/Co-op,30-55 Vernon Blvd Unit PHB,Long Island City,NY,11102,2280450,3,2,Nusun Vernon,1521,,2025,2,1499,1250,Active,,,https://www.redfin.com/NY/Long-Island-City/30-55-Vernon-Blvd-11102/unit-PHB/home/195875743,OneKey® MLS as Distributed by MLS Grid,865541,N,Y,40.7707481,-73.9340533
MLS Listing,,Single Family Residential,3225 155th St,Flushing,NY,11354,1680000,4,3.5,Flushing,3635,5050,1910,2,462,,Active,,,https://www.redfin.com/NY/Flushing/3225-155th-St-11354/home/20856098,OneKey® MLS as Distributed by MLS Grid,865124,N,Y,40.7690587,-73.8091348
MLS Listing,,Single Family Residential,2545 97th St,East Elmhurst,NY,11369,825000,3,1.5,East Elmhurst,1260,1754,1935,2,655,,Active,,,https://www.redfin.com/NY/East-Elmhurst/2545-97th-St-11369/home/20933651,OneKey® MLS as Distributed by MLS Grid,865674,N,Y,40.7632968,-73.8722575
MLS Listing,,Single Family Residential,154-70 11 Ave,Whitestone,NY,11357,1580000,4,4.5,Whitestone,2800,5000,1988,3,564,,Active,May-25-2025 12:00 PM,May-25-2025 02:00 PM,https://www.redfin.com/NY/Whitestone/15470-11th-Ave-11357/home/20866266,OneKey® MLS as Distributed by MLS Grid,865144,N,Y,40.7918899,-73.8047051
MLS Listing,,Single Family Residential,51-48 Simonson St,Elmhurst,NY,11373,899000,3,2,Elmhurst,,,1925,3,,,Active,,,https://www.redfin.com/NY/Elmhurst/5148-Simonson-St-11373/home/20907475,OneKey® MLS as Distributed by MLS Grid,864633,N,Y,40.7360499,-73.8814835
MLS Listing,,Single Family Residential,11934 145th St,Jamaica,NY,11436,475000,3,1,Jamaica,1500,2000,1935,3,317,,Active,,,https://www.redfin.com/NY/Jamaica/11934-145th-St-11436/home/20716874,OneKey® MLS as Distributed by MLS Grid,857785,N,Y,40.6772182,-73.7954658
MLS Listing,,Condo/Co-op,7914 Rockaway Beach Blvd Unit 1J,Rockaway Beach,NY,11693,369999,2,1,Rockaway Beach,1052,,2006,3,352,689,Active,,,https://www.redfin.com/NY/Rockaway-Beach/7914-Rockaway-Beach-Blvd-11693/unit-1J/home/21688671,OneKey® MLS as Distributed by MLS Grid,865632,N,Y,40.5883176,-73.8057547
MLS Listing,,Single Family Residential,210-16 36th Ave,Bayside,NY,11361,1500000,3,3,Bayside,1620,5700,1975,3,926,,Active,,,https://www.redfin.com/NY/Bayside/21016-36th-Ave-11361/home/20835364,OneKey® MLS as Distributed by MLS Grid,865323,N,Y,40.7669785,-73.7761231
MLS Listing,,Single Family Residential,140-21 69th Ave,Kew Garden Hills,NY,11367,1200000,3,2.5,Kew Garden Hills,1400,1800,1950,3,857,,Active,May-25-2025 10:00 AM,May-25-2025 12:30 PM,https://www.redfin.com/NY/Flushing/14021-69th-Ave-11367/home/20830221,OneKey® MLS as Distributed by MLS Grid,865440,N,Y,40.7312278,-73.8254664
MLS Listing,,Single Family Residential,11845 218th St,Cambria Heights,NY,11411,899000,3,2.5,Cambria Heights,1276,3250,1920,3,705,,Pre On-Market,,,https://www.redfin.com/NY/Cambria-Heights/11845-218th-St-11411/home/20699812,OneKey® MLS as Distributed by MLS Grid,865624,N,Y,40.6927398,-73.7432003
MLS Listing,,Single Family Residential,103-24 Farmers Blvd,Hollis,NY,11423,899000,4,3,Hollis,1500,4169,1925,3,599,,Active,May-24-2025 02:00 PM,May-24-2025 04:00 PM,https://www.redfin.com/NY/Hollis/10324-Farmers-Blvd-11423/home/20754677,OneKey® MLS as Distributed by MLS Grid,865608,N,Y,40.7065726,-73.7675499
MLS Listing,,Vacant Land,93-44/50 & 93rd rd 224th St,Queens Village,NY,11428,6900000,,,Queens Village,,29650,,3,,,Active,,,https://www.redfin.com/NY/Queens-Village/22444-93rd-Rd-11428/home/20804926,OneKey® MLS as Distributed by MLS Grid,865602,N,Y,40.723125,-73.7298343
MLS Listing,,Single Family Residential,10966 153rd St,Jamaica,NY,11433,775000,3,2,Jamaica,1260,2300,1920,3,615,,Active,,,https://www.redfin.com/NY/Jamaica/10966-153rd-St-11433/home/20713835,OneKey® MLS as Distributed by MLS Grid,865593,N,Y,40.6902478,-73.7963107
MLS Listing,,Condo/Co-op,61-15 97 St Unit LL,Rego Park,NY,11374,215000,0,1,Rego Park,575,,1968,3,374,,Active,May-25-2025 12:00 PM,May-25-2025 01:30 PM,https://www.redfin.com/NY/Rego-Park/6115-97th-St-11374/unit-LL/home/20636067,OneKey® MLS as Distributed by MLS Grid,865589,N,Y,40.7338024,-73.8621051
MLS Listing,,Condo/Co-op,140-37 Cherry Unit 5c,Flushing,NY,11355,668000,2,2,Flushing,700,,2004,3,954,334,Active,,,https://www.redfin.com/NY/Flushing/14037-Cherry-Ave-11355/unit-5C/home/23124918,OneKey® MLS as Distributed by MLS Grid,865584,N,Y,40.7547388,-73.8219012
MLS Listing,,Single Family Residential,1142 Welling Ct,Astoria,NY,11102,799000,3,2.5,Astoria,1064,1149,1925,3,751,,Active,,,https://www.redfin.com/NY/Astoria/1142-Welling-Ct-11102/home/20957066,OneKey® MLS as Distributed by MLS Grid,865558,N,Y,40.7710884,-73.9325148
MLS Listing,,Single Family Residential,128-36 Hook Creek Blvd,Rosedale,NY,11422,549000,4,2,Rosedale,1119,3920,1955,3,491,,Active,May-24-2025 02:00 PM,May-24-2025 04:00 PM,https://www.redfin.com/NY/Rosedale/12836-Hook-Creek-Blvd-11422/home/20701536,OneKey® MLS as Distributed by MLS Grid,865530,N,Y,40.6806424,-73.7261812
MLS Listing,,Townhouse,113-23 204th St,Saint Albans,NY,11412,699000,3,2.5,Saint Albans,1360,2000,1935,3,514,,Active,,,https://www.redfin.com/NY/Saint-Albans/11323-204th-St-11412/home/20738980,OneKey® MLS as Distributed by MLS Grid,865403,N,Y,40.7016085,-73.751172
MLS Listing,,Single Family Residential,58-33 150 St,Flushing,NY,11355,998000,3,1.5,Flushing,1575,1953,1960,3,634,,Active,May-31-2025 01:00 PM,May-31-2025 04:00 PM,https://www.redfin.com/NY/Flushing/5833-150th-St-11355/home/20830726,OneKey® MLS as Distributed by MLS Grid,864699,N,Y,40.7423104,-73.8184215
MLS Listing,,Multi-Family (2-4 Unit),177-15 Troutville Rd,Jamaica,NY,11434,859000,3,2,Jamaica,1710,,1935,3,502,,Active,May-25-2025 01:30 PM,May-25-2025 03:30 PM,https://www.redfin.com/NY/Jamaica/17715-Troutville-Rd-11434/home/20707134,OneKey® MLS as Distributed by MLS Grid,865511,N,Y,40.6838013,-73.7672603
MLS Listing,,Condo/Co-op,11-24 31st Ave Unit 5E,Astoria,NY,11106,999000,2,2,East River Tower,790,,2007,3,1265,1314,Active,,,https://www.redfin.com/NY/Astoria/1124-31st-Ave-11106/unit-5E/home/25506240,OneKey® MLS as Distributed by MLS Grid,865508,N,Y,40.7689469,-73.9343403
MLS Listing,,Multi-Family (2-4 Unit),64-23 Alderton St,Rego Park,NY,11374,1495000,3,2,Rego Park,,3722,1930,3,,,Active,May-24-2025 02:00 PM,May-24-2025 03:30 PM,https://www.redfin.com/NY/Rego-Park/6423-Alderton-St-11374/home/20891326,OneKey® MLS as Distributed by MLS Grid,864063,N,Y,40.7230257,-73.8595989
MLS Listing,,Multi-Family (2-4 Unit),127-22 Kew Gardens Rd,Kew Gardens,NY,11415,1988000,8,5,Kew Gardens,3600,6312,2014,3,552,,Active,,,https://www.redfin.com/NY/Kew-Gardens/12722-Kew-Gardens-Rd-11415/home/92324630,OneKey® MLS as Distributed by MLS Grid,865482,N,Y,40.7069162,-73.8243419
MLS Listing,,Single Family Residential,22-23 147th St,Whitestone,NY,11357,1398000,4,3,Whitestone,1568,,1940,3,892,,Active,May-24-2025 01:30 PM,May-24-2025 03:30 PM,https://www.redfin.com/NY/Whitestone/2223-147th-St-11357/home/20864114,OneKey® MLS as Distributed by MLS Grid,865480,N,Y,40.7785624,-73.8192094
MLS Listing,,Single Family Residential,88-22 186th St,Hollis,NY,11423,649000,3,2.5,Hollis,1648,2399,1920,3,394,,Active,May-24-2025 02:00 PM,May-24-2025 04:00 PM,https://www.redfin.com/NY/Hollis/8822-186th-St-11423/home/20761779,OneKey® MLS as Distributed by MLS Grid,865452,N,Y,40.7137521,-73.7759967
MLS Listing,,Condo/Co-op,18-50 211th St Unit 2D,Bayside,NY,11360,349000,3,2,Bay Terrace Section X,1450,,1957,3,241,,Active,,,https://www.redfin.com/NY/Queens/18-50-211th-St-11360/unit-2D/home/21460907,OneKey® MLS as Distributed by MLS Grid,865145,N,Y,40.7805732,-73.7825806
MLS Listing,,Condo/Co-op,60-11 Broadway Unit L2,Woodside,NY,11377,275000,1,1,Henderson Apartments,750,,1962,3,367,,Active,May-25-2025 11:30 AM,May-25-2025 02:00 PM,https://www.redfin.com/NY/Woodside/6011-Broadway-11377/unit-L2/home/20661348,OneKey® MLS as Distributed by MLS Grid,865439,N,Y,40.7512564,-73.901573
MLS Listing,,Single Family Residential,8919 96th St,Woodhaven,NY,11421,725000,3,1.5,Woodhaven,1296,2000,1920,3,559,,Active,May-26-2025 12:00 PM,May-26-2025 02:00 PM,https://www.redfin.com/NY/Woodhaven/8919-96th-St-11421/home/20784329,OneKey® MLS as Distributed by MLS Grid,865430,N,Y,40.6914532,-73.8477981
MLS Listing,,Condo/Co-op,117-01 Park Lane South Unit A3C,Kew Gardens,NY,11415,359000,1,1,Kew Gardens,900,,1937,3,399,,Active,,,https://www.redfin.com/NY/Richmond-Hill/11701-Park-Ln-S-11418/unit-A3C/home/191468084,OneKey® MLS as Distributed by MLS Grid,865428,N,Y,40.708456,-73.8372902
MLS Listing,,Single Family Residential,33-82 159 St,Flushing,NY,11358,1899000,6,3.5,Flushing,3050,8000,1910,3,623,,Pre On-Market,,,https://www.redfin.com/NY/Flushing/3382-159th-St-11358/home/20852926,OneKey® MLS as Distributed by MLS Grid,862788,N,Y,40.7659206,-73.8063176
MLS Listing,,Condo/Co-op,42-40 Bowne St Unit 5C,Flushing,NY,11355,529000,2,1.5,Flushing,1250,,1960,3,423,,Active,May-27-2025 12:00 AM,May-27-2025 01:00 PM,https://www.redfin.com/NY/Flushing/4240-Bowne-St-11355/unit-5C/home/148381257,OneKey® MLS as Distributed by MLS Grid,865424,N,Y,40.756144,-73.8213672
MLS Listing,,Townhouse,60-12 171st St,Fresh Meadows,NY,11365,988000,3,2.5,Fresh Meadows,1224,1800,1960,3,807,,Active,May-25-2025 01:00 PM,May-25-2025 03:00 PM,https://www.redfin.com/NY/Fresh-Meadows/6012-171st-St-11365/home/20822594,OneKey® MLS as Distributed by MLS Grid,865394,N,Y,40.738611,-73.7983667
MLS Listing,,Multi-Family (2-4 Unit),23-62 24 St,Astoria,NY,11105,1648000,5,2,Astoria,2600,2442,1930,3,634,,Active,,,https://www.redfin.com/NY/Astoria/2362-24th-St-11105/home/20946673,OneKey® MLS as Distributed by MLS Grid,864272,N,Y,40.7762984,-73.9190938
MLS Listing,,Multi-Family (2-4 Unit),10465 Springfield Blvd,Queens Village,NY,11429,1079000,6,2,Queens Village,1842,2632,2007,3,586,,Active,May-25-2025 02:00 PM,May-25-2025 04:00 PM,https://www.redfin.com/NY/Queens-Village/10465-Springfield-Blvd-11429/home/20625420,OneKey® MLS as Distributed by MLS Grid,860265,N,Y,40.7102713,-73.737107
MLS Listing,,Multi-Family (2-4 Unit),246 Beach 130th St,Rockaway Park,NY,11694,1199999,5,3,Rockaway Park,2608,4000,1960,3,460,,Active,May-25-2025 12:00 PM,May-25-2025 02:00 PM,https://www.redfin.com/NY/Rockaway-Park/246-Beach-130th-St-11694/home/20672952,OneKey® MLS as Distributed by MLS Grid,865328,N,Y,40.5769763,-73.8494106
MLS Listing,,Single Family Residential,11114 156th St,Jamaica,NY,11433,745000,4,3,Jamaica,994,4215,1930,3,749,,Active,,,https://www.redfin.com/NY/Jamaica/11114-156th-St-11433/home/20711370,OneKey® MLS as Distributed by MLS Grid,865379,N,Y,40.6891262,-73.7929154
MLS Listing,,Single Family Residential,28-06 34th Ave,Astoria,NY,11106,1729000,4,3,Astoria,1700,1800,1945,3,1017,,Active,May-25-2025 12:00 PM,May-25-2025 02:00 PM,https://www.redfin.com/NY/Astoria/2806-34th-Ave-11106/home/20955724,OneKey® MLS as Distributed by MLS Grid,865264,N,Y,40.7605001,-73.9295615
MLS Listing,,Condo/Co-op,98-34 63 Dr Unit 7D,Rego Park,NY,11374,350000,1,1,Rego Park,728,,1970,3,481,835,Active,May-25-2025 01:30 PM,May-25-2025 03:00 PM,https://www.redfin.com/NY/Rego-Park/9834-63rd-Dr-11374/unit-7D/home/20637010,OneKey® MLS as Distributed by MLS Grid,865345,N,Y,40.731183,-73.857622
MLS Listing,,Condo/Co-op,97-12 63rd Dr Unit 10D,Rego Park,NY,11374,510000,1,1,Rego Park,600,,1992,3,850,399,Active,,,https://www.redfin.com/NY/Rego-Park/9712-63rd-Dr-11374/unit-10D/home/20916420,OneKey® MLS as Distributed by MLS Grid,865329,N,Y,40.7303066,-73.8601898
MLS Listing,,Multi-Family (2-4 Unit),10020 Spruce Ave,Corona,NY,11368,1575000,10,4,Corona,5250,2000,2007,3,300,,Active,,,https://www.redfin.com/NY/Corona/10020-Spruce-St-11368/home/21692897,OneKey® MLS as Distributed by MLS Grid,865326,N,Y,40.7493386,-73.8645216
MLS Listing,,Single Family Residential,3111 Mott Ave,Far Rockaway,NY,11691,675000,3,2.5,Far Rockaway,1328,4500,1950,3,508,,Active,,,https://www.redfin.com/NY/Far-Rockaway/3111-Mott-Ave-11691/home/20675724,OneKey® MLS as Distributed by MLS Grid,865320,N,Y,40.6103334,-73.7680137
MLS Listing,,Multi-Family (2-4 Unit),34-21 9 St,Astoria,NY,11106,2300000,11,4,Astoria,,2110,1931,3,,,Active,,,https://www.redfin.com/NY/Astoria/3421-9th-St-11106/home/20961551,OneKey® MLS as Distributed by MLS Grid,861292,N,Y,40.7645605,-73.9397083
MLS Listing,,Condo/Co-op,42-22 Ketcham St Unit 3E,Elmhurst,NY,11373,348888,1,1,Elmhurst,526,,1927,3,663,,Pre On-Market,,,https://www.redfin.com/NY/Elmhurst/4222-Ketcham-St-11373/unit-3E/home/108535158,OneKey® MLS as Distributed by MLS Grid,865235,N,Y,40.7447121,-73.88358
MLS Listing,,Condo/Co-op,83-85 Woodhaven Blvd Unit 5U,Woodhaven,NY,11421,399000,3,1,Woodhaven,1300,,1954,3,307,,Active,,,https://www.redfin.com/NY/Woodhaven/83-85-Woodhaven-Blvd-11421/unit-5U/home/89340873,OneKey® MLS as Distributed by MLS Grid,864620,N,Y,40.6987743,-73.8529203
MLS Listing,,Single Family Residential,4005 203rd St,Bayside,NY,11361,1450000,5,2.5,Bayside,1752,4000,1920,3,828,,Active,,,https://www.redfin.com/NY/Bayside/4005-203rd-St-11361/home/20835683,OneKey® MLS as Distributed by MLS Grid,865269,N,Y,40.761504,-73.781582
MLS Listing,,Condo/Co-op,66-36 Yellowstone Blvd Unit 4K,Forest Hills,NY,11375,329000,1,1,Forest Hills,775,,1965,3,425,,Active,,,https://www.redfin.com/NY/Forest-Hills/6636-Yellowstone-Blvd-11375/unit-4K/home/20635638,OneKey® MLS as Distributed by MLS Grid,828643,N,Y,40.728651,-73.849805
MLS Listing,,Single Family Residential,58-16 185 St,Fresh Meadows,NY,11365,1420000,5,4,Fresh Meadows,1632,,1950,3,870,,Active,,,https://www.redfin.com/NY/Fresh-Meadows/5816-185th-St-11365/home/20845060,OneKey® MLS as Distributed by MLS Grid,865262,N,Y,40.7413376,-73.7902017
MLS Listing,,Condo/Co-op,61-20 Grand Central Pkwy Unit B 508,Forest Hills,NY,11375,369000,2,1,Forest Hills,1250,,1962,3,295,1868,Active,,,https://www.redfin.com/NY/Queens/61-20-Grand-Central-Pkwy-11375/unit-B-508/home/172773727,OneKey® MLS as Distributed by MLS Grid,865249,N,Y,40.7379227,-73.8470718
MLS Listing,,Single Family Residential,10938 142nd St,Jamaica,NY,11435,950000,3,3,Jamaica,2000,2915,1930,3,475,,Active,,,https://www.redfin.com/NY/Jamaica/10938-142nd-St-11435/home/20714995,OneKey® MLS as Distributed by MLS Grid,865233,N,Y,40.6872442,-73.8040313
MLS Listing,,Condo/Co-op,138-35 39th Ave Unit 14J,Flushing,NY,11354,858000,1,1,Flushing,792,,2017,3,1083,810,Active,May-25-2025 01:00 PM,May-25-2025 03:00 PM,https://www.redfin.com/NY/Flushing/13835-39th-Ave-11354/unit-14J/home/143235035,OneKey® MLS as Distributed by MLS Grid,865227,N,Y,40.7612026,-73.8277106
MLS Listing,,Single Family Residential,34-08 Murray Ln,Flushing,NY,11354,1350000,4,2.5,Flushing,1658,3601,1964,3,814,,Active,,,https://www.redfin.com/NY/Flushing/3408-Murray-Ln-11354/home/20855844,OneKey® MLS as Distributed by MLS Grid,864112,N,Y,40.7670977,-73.8134405
MLS Listing,,Multi-Family (2-4 Unit),45-18 164 St,Flushing,NY,11358,1390000,5,2,Flushing,2000,3000,1925,3,695,,Active,,,https://www.redfin.com/NY/Flushing/4518-164th-St-11358/home/20848415,OneKey® MLS as Distributed by MLS Grid,865180,N,Y,40.7557574,-73.8029858
MLS Listing,,Condo/Co-op,57-21 246 Cres Unit 1FL,Douglaston,NY,11362,415000,2,1,Douglaston,1000,,1953,3,415,,Active,,,https://www.redfin.com/NY/Little-Neck/57-21-246th-Cres-11362/unit-1/home/113829218,OneKey® MLS as Distributed by MLS Grid,865191,N,Y,40.7582515,-73.7358164
MLS Listing,,Single Family Residential,149-32 18th Ave,Whitestone,NY,11357,1090000,3,2,Whitestone,1720,2600,1930,3,634,,Pre On-Market,,,https://www.redfin.com/NY/Whitestone/14932-18th-Ave-11357/home/20865125,OneKey® MLS as Distributed by MLS Grid,865190,N,Y,40.7826852,-73.8155888
MLS Listing,,Multi-Family (2-4 Unit),154-21 Ash Ave,Flushing,NY,11355,1430000,5,3,Flushing,1779,10355,1930,3,804,,Active,,,https://www.redfin.com/NY/Flushing/15421-Ash-Ave-11355/home/20847123,OneKey® MLS as Distributed by MLS Grid,864628,N,Y,40.7606677,-73.8110968
MLS Listing,,Single Family Residential,4813 216th St,Bayside,NY,11364,1250000,4,2.5,Bayside,1791,4500,1935,3,698,,Active,May-25-2025 10:00 AM,May-25-2025 12:00 PM,https://www.redfin.com/NY/Bayside-Hills/4813-216th-St-11364/home/20812053,OneKey® MLS as Distributed by MLS Grid,865135,N,Y,40.7555477,-73.7640233
MLS Listing,,Mobile/Manufactured Home,81-27 242nd St 242nd St,Bellerose,NY,11426,969000,3,1,Bellerose,4967,4980,1950,3,195,,Active,,,https://www.redfin.com/NY/Bellerose/8127-242nd-St-11426/home/20805610,OneKey® MLS as Distributed by MLS Grid,863388,N,Y,40.7387252,-73.7259266
MLS Listing,,Townhouse,61-34 69 Pl,Middle Village,NY,11379,785000,3,1.5,Middle Village,1620,,1960,3,485,,Active,May-25-2025 03:00 PM,May-25-2025 05:00 PM,https://www.redfin.com/NY/Middle-Village/6134-69th-Pl-11379/home/20900381,OneKey® MLS as Distributed by MLS Grid,865109,N,Y,40.7191884,-73.8891997
MLS Listing,,Multi-Family (2-4 Unit),10919 127th St,South Ozone Park,NY,11420,1175000,6,5,South Ozone Park,1772,1980,1930,4,663,,Active,,,https://www.redfin.com/NY/South-Ozone-Park/10919-127th-St-11420/home/20725400,OneKey® MLS as Distributed by MLS Grid,864629,N,Y,40.6836868,-73.8146325
MLS Listing,,Single Family Residential,63-41 252nd St,Little Neck,NY,11362,2728000,4,4.5,Little Neck,2942,6000,2023,4,927,,Active,,,https://www.redfin.com/NY/Little-Neck/6341-252nd-St-11362/home/20795818,OneKey® MLS as Distributed by MLS Grid,859836,N,Y,40.7551749,-73.7254335
MLS Listing,,Multi-Family (2-4 Unit),34-42 90 St,Jackson Heights,NY,11372,1999000,8,3,Jackson Heights,2046,2700,1930,4,977,,Active,June-14-2025 01:00 PM,June-14-2025 03:00 PM,https://www.redfin.com/NY/Jackson-Heights/3442-90th-St-11372/home/20928935,OneKey® MLS as Distributed by MLS Grid,859960,N,Y,40.7531915,-73.8775658
MLS Listing,,Condo/Co-op,44-55 Kissena Blvd Unit 3B,Flushing,NY,11355,295000,2,1,Flushing,960,,1955,4,307,,Active,,,https://www.redfin.com/NY/Flushing/4455-Kissena-Blvd-11355/unit-3B/home/167566493,OneKey® MLS as Distributed by MLS Grid,859736,N,Y,40.7528774,-73.8211834
MLS Listing,,Single Family Residential,42-51 247TH ST 247th St,Little Neck,NY,11363,1060000,4,2,Little Neck,1440,,1940,4,736,,Active,,,https://www.redfin.com/NY/Little-Neck/4251-247th-St-11363/home/20800883,OneKey® MLS as Distributed by MLS Grid,862509,N,Y,40.7690568,-73.7412493
MLS Listing,,Single Family Residential,10-08 Shore Rd,Douglaston,NY,11363,3999900,4,4.5,Douglaston,4768,12500,1910,4,839,900,Active,May-25-2025 12:00 PM,May-25-2025 02:30 PM,https://www.redfin.com/NY/Little-Neck/1008-Shore-Rd-11363/home/20805143,OneKey® MLS as Distributed by MLS Grid,861328,N,Y,40.7812223,-73.7525204
MLS Listing,,Multi-Family (2-4 Unit),91-05 109th St,Richmond Hill,NY,11418,1380000,0,,Richmond Hill,,,1920,4,,,Active,,,https://www.redfin.com/NY/Richmond-Hill/9105-109th-St-11418/home/20777092,OneKey® MLS as Distributed by MLS Grid,865110,N,Y,40.6931963,-73.8372086
MLS Listing,,Single Family Residential,86-16 130th St,Richmond Hill,NY,11418,830000,3,2,Richmond Hill,1600,2000,1920,4,519,,Active,,,https://www.redfin.com/NY/Richmond-Hill/8616-130th-St-11418/home/20781293,OneKey® MLS as Distributed by MLS Grid,865107,N,Y,40.7030525,-73.8225734
MLS Listing,,Single Family Residential,182-27 Grand Central Pkwy,Jamaica Estates,NY,11432,2950000,3,3.5,Jamaica Estates,1496,22240,1940,4,1972,,Active,,,https://www.redfin.com/NY/Jamaica/18227-Grand-Central-Pkwy-11432/home/20813962,OneKey® MLS as Distributed by MLS Grid,865089,N,Y,40.7207645,-73.7812822
MLS Listing,,Condo/Co-op,245-60 62nd Ave Unit F-5,Little Neck,NY,11362,329000,2,1,Beech Hills,800,,1936,4,411,,Active,,,https://www.redfin.com/NY/Little-Neck/24560-62nd-Ave-11362/unit-F5/home/144465395,OneKey® MLS as Distributed by MLS Grid,865075,N,Y,40.755456,-73.7317023
MLS Listing,,Single Family Residential,119-25 6th Ave,College Point,NY,11356,898000,3,3,College Point,1152,2721,1920,4,780,,Active,,,https://www.redfin.com/NY/College-Point/11925-6th-Ave-11356/home/20875632,OneKey® MLS as Distributed by MLS Grid,865062,N,Y,40.7917164,-73.8496724
MLS Listing,,Condo/Co-op,67-66 108 St Unit A32,Forest Hills,NY,11375,415000,1,1,George Washington,950,,1949,4,437,,Active,,,https://www.redfin.com/NY/Forest-Hills/6766-108th-St-11375/unit-A32/home/112194237,OneKey® MLS as Distributed by MLS Grid,865056,N,Y,40.7272034,-73.8471901
MLS Listing,,Single Family Residential,21814 36th Ave,Bayside,NY,11361,1200000,3,2,Bayside,1252,5000,1960,4,958,,Pre On-Market,,,https://www.redfin.com/NY/Bayside/21814-36th-Ave-11361/home/20832348,OneKey® MLS as Distributed by MLS Grid,859930,N,Y,40.7690935,-73.7655751
MLS Listing,,Condo/Co-op,120-15 Cove Ct Unit 90A,College Point,NY,11356,738000,3,2.5,Riverview Condo,1368,,1984,4,539,416,Pre On-Market,,,https://www.redfin.com/NY/College-Point/120-15-Cove-Ct-11356/unit-90A/home/191618066,OneKey® MLS as Distributed by MLS Grid,864453,N,Y,40.7946694,-73.8474534
MLS Listing,,Multi-Family (2-4 Unit),116-30 223rd St,Cambria Heights,NY,11411,768000,2,2,Cambria Heights,1760,3000,1935,4,436,,Active,,,https://www.redfin.com/NY/Cambria-Heights/11630-223rd-St-11411/home/20729691,OneKey® MLS as Distributed by MLS Grid,864660,N,Y,40.6951665,-73.7373806
MLS Listing,,Condo/Co-op,39-20 52nd St Unit 2G,Woodside,NY,11377,310000,1,1,Woodside,605,,1951,4,512,806,Active,,,https://www.redfin.com/NY/Woodside/39-20-52nd-St-11377/unit-2G/home/185453671,OneKey® MLS as Distributed by MLS Grid,864969,N,Y,40.7481764,-73.9122219
MLS Listing,,Condo/Co-op,134-54 Maple Ave Unit 3V,Flushing,NY,11355,433000,1,1,Flushing,900,,1962,4,481,,Active,,,https://www.redfin.com/NY/Flushing/13454-Maple-Ave-11355/unit-3V/home/20653839,OneKey® MLS as Distributed by MLS Grid,864912,N,Y,40.755088,-73.8286767
MLS Listing,,Single Family Residential,69-14 198th St,Fresh Meadows,NY,11365,999000,3,1.5,Fresh Meadows,1828,1679,1945,4,546,,Active,May-25-2025 12:00 PM,May-25-2025 02:00 PM,https://www.redfin.com/NY/Fresh-Meadows/6914-198th-St-11365/home/20818128,OneKey® MLS as Distributed by MLS Grid,864882,N,Y,40.7371931,-73.775257
MLS Listing,,Single Family Residential,139-14 225th St,Laurelton,NY,11413,979990,4,4,Laurelton,1830,6000,1930,4,536,,Pre On-Market,,,https://www.redfin.com/NY/Laurelton/13914-225th-St-11413/home/20690633,OneKey® MLS as Distributed by MLS Grid,864391,N,Y,40.6706626,-73.749497
MLS Listing,,Condo/Co-op,245-90 62nd Ave Unit E-2 Upper,Douglaston,NY,11362,315000,1,1,Beech Hills,,,1950,4,,,Active,,,https://www.redfin.com/NY/Douglaston/245-90-62nd-Ave-11362/unit-E-2-Upper/home/195858701,OneKey® MLS as Distributed by MLS Grid,864497,N,Y,40.755871,-73.7301942
MLS Listing,,Single Family Residential,172-18 111th Ave,Jamaica,NY,11433,599990,3,1,Jamaica,1530,2000,1930,4,392,,Pre On-Market,,,https://www.redfin.com/NY/Jamaica/17218-111th-Ave-11433/home/20753180,OneKey® MLS as Distributed by MLS Grid,864419,N,Y,40.6950629,-73.7796435
MLS Listing,,Multi-Family (2-4 Unit),108-41 51 Ave,Corona,NY,11368,1388000,6,4,Corona,3000,,1925,4,463,,Active,,,https://www.redfin.com/NY/Corona/10841-51st-Ave-11368/home/20917089,OneKey® MLS as Distributed by MLS Grid,864433,N,Y,40.7445635,-73.853829
MLS Listing,,Condo/Co-op,17-24 201 Street Unit 2-120,Bayside,NY,11357,328888,2,1,Bayside,900,,1950,4,365,,Active,,,https://www.redfin.com/NY/Whitestone/17-24-201st-St-11357/unit-2-120/home/195858452,OneKey® MLS as Distributed by MLS Grid,864935,N,Y,40.7815827,-73.7929886
MLS Listing,,Condo/Co-op,3965 51st St Unit 1C,Woodside,NY,11377,360000,1,1,51st & 52nd St Tenants,680,,1951,4,529,,Active,,,https://www.redfin.com/NY/Woodside/3965-51st-St-11377/unit-1C/home/20660939,OneKey® MLS as Distributed by MLS Grid,864934,N,Y,40.7469168,-73.9130302
MLS Listing,,Condo/Co-op,215-19 48 Ave Unit 2C,Bayside,NY,11364,362000,2,1,Bayside,900,,1950,4,402,,Active,,,https://www.redfin.com/NY/Oakland-Gardens/21519-48th-Ave-11364/unit-2C/home/28683709,OneKey® MLS as Distributed by MLS Grid,864906,N,Y,40.7560597,-73.7654921
MLS Listing,,Single Family Residential,11514 135th Ave,Ozone Park,NY,11420,750000,4,2,Ozone Park,1360,1920,1950,4,551,,Active,,,https://www.redfin.com/NY/South-Ozone-Park/11514-135th-Ave-11420/home/20719196,OneKey® MLS as Distributed by MLS Grid,864890,N,Y,40.6708932,-73.8240706
MLS Listing,,Single Family Residential,17-12 Starr St,Ridgewood,NY,11385,1480000,3,2.5,Ridgewood,1512,2652,1945,4,979,,Pre On-Market,,,https://www.redfin.com/NY/Ridgewood/1712-Starr-St-11385/home/20887300,OneKey® MLS as Distributed by MLS Grid,864748,N,Y,40.7084635,-73.9194428
MLS Listing,,Multi-Family (2-4 Unit),2013 Bleecker St,Ridgewood,NY,11385,1250000,5,2,Ridgewood,,3000,,4,,,Active,May-25-2025 01:00 PM,May-25-2025 02:30 PM,https://www.redfin.com/NY/Ridgewood/2013-Bleecker-St-11385/home/20885384,BNYMLS,492857,N,Y,40.7085479,-73.9080638
MLS Listing,,Single Family Residential,109-15 210 St,Queens Village,NY,11429,699000,3,2.5,Queens Village,1500,3300,1925,4,466,,Pre On-Market,,,https://www.redfin.com/NY/Queens-Village/10915-210th-St-11429/home/20738700,OneKey® MLS as Distributed by MLS Grid,863804,N,Y,40.7092717,-73.7477627
MLS Listing,,Single Family Residential,117-22 142nd St,Jamaica South,NY,11436,869000,6,3,Jamaica South,1184,86074560,1930,4,734,,Active,May-24-2025 01:00 PM,May-24-2025 04:00 PM,https://www.redfin.com/NY/Jamaica/11722-142nd-St-11436/home/20718332,OneKey® MLS as Distributed by MLS Grid,864872,N,Y,40.677888,-73.7997554
MLS Listing,,Single Family Residential,70-27 69th St,Glendale,NY,11385,899000,3,1.5,Glendale,1328,,1925,4,677,,Pre On-Market,May-31-2025 12:30 PM,May-31-2025 02:00 PM,https://www.redfin.com/NY/Glendale/7027-69th-St-11385/home/20880929,OneKey® MLS as Distributed by MLS Grid,864755,N,Y,40.7047231,-73.8836098
MLS Listing,,Single Family Residential,178-15 130th,Jamaica,NY,11434,699000,3,2.5,Jamaica,1710,2000,1955,4,409,,Pre On-Market,,,https://www.redfin.com/NY/Jamaica/17815-130th-Ave-11434/home/20705526,OneKey® MLS as Distributed by MLS Grid,864761,N,Y,40.680198,-73.763996
MLS Listing,,Multi-Family (2-4 Unit),59-61 56th Ave,Maspeth,NY,11378,1099000,0,,Maspeth,,,1910,4,,,Active,,,https://www.redfin.com/NY/Maspeth/5961-56th-Ave-11378/home/20909329,OneKey® MLS as Distributed by MLS Grid,864823,N,Y,40.7253721,-73.9065276
MLS Listing,,Single Family Residential,91-48 89 St,Woodhaven,NY,11421,619999,4,1,Woodhaven,1184,1800,1925,4,524,,Active,,,https://www.redfin.com/NY/Woodhaven/9148-89th-St-11421/home/20784770,OneKey® MLS as Distributed by MLS Grid,864796,N,Y,40.6873774,-73.8535879
MLS Listing,,Multi-Family (2-4 Unit),inwood Street 115-36,Jamaica South,NY,11436,250000,4,,Jamaica South,1808,2000,1930,4,138,,Active,,,https://www.redfin.com/NY/Jamaica/11536-Inwood-St-11436/home/20714618,OneKey® MLS as Distributed by MLS Grid,864792,N,Y,40.6823008,-73.7970123
MLS Listing,,Single Family Residential,171-40 Pidgeon Meadow Rd,Flushing,NY,11365,929000,2,1.5,Flushing,950,,1950,4,978,,Active,,,https://www.redfin.com/NY/Fresh-Meadows/17140-Pidgeon-Meadow-Rd-11365/home/20845744,OneKey® MLS as Distributed by MLS Grid,864742,N,Y,40.7475768,-73.7950216
MLS Listing,,Condo/Co-op,180 Beach 101st St Unit 3C,Far Rockaway,NY,11694,699000,3,2.5,Far Rockaway,1322,,2006,4,529,950,Active,,,https://www.redfin.com/NY/Rockaway-Park/180-Beach-101st-St-11694/unit-3C/home/23181333,OneKey® MLS as Distributed by MLS Grid,864760,N,Y,40.5831168,-73.8212878
MLS Listing,,Condo/Co-op,215-43 48 Ave Unit 3A,Bayside,NY,11364,250000,1,1,Bayside,633,,1950,4,395,,Active,,,https://www.redfin.com/NY/Oakland-Gardens/21543-48th-Ave-11364/unit-3A/home/23337564,OneKey® MLS as Distributed by MLS Grid,861499,N,Y,40.7566532,-73.7650279
MLS Listing,,Single Family Residential,21-22 150th St,Whitestone,NY,11357,949000,3,2,Whitestone,1024,1615,1950,4,927,,Active,,,https://www.redfin.com/NY/Whitestone/2122-150th-St-11357/home/20862347,OneKey® MLS as Distributed by MLS Grid,864721,N,Y,40.7792773,-73.81474
MLS Listing,,Single Family Residential,118-37 180th St,Jamaica,NY,11434,675999,4,2,Jamaica,1020,3067,1945,4,663,,Active,,,https://www.redfin.com/NY/Jamaica/11837-180th-St-11434/home/20707003,OneKey® MLS as Distributed by MLS Grid,862843,N,Y,40.6880692,-73.7642749
MLS Listing,,Condo/Co-op,204-08 35 Ave #247,Bayside,NY,11361,220000,1,1,Baydale,650,,1950,4,338,,Active,,,https://www.redfin.com/NY/Bayside/20408-35th-Ave-11361/unit-247/home/20654175,OneKey® MLS as Distributed by MLS Grid,863548,N,Y,40.76594,-73.782725
MLS Listing,,Condo/Co-op,35-53 77th St Unit 5H,Jackson Heights,NY,11372,469000,1,1,The Jackson House,906,,1937,4,518,,Active,,,https://www.redfin.com/NY/Queens/35-53-77th-St-11372/unit-5H/home/185770626,OneKey® MLS as Distributed by MLS Grid,864705,N,Y,40.7499892,-73.8888145
MLS Listing,,Condo/Co-op,99-72 66th Rd Rd Unit 9G,Rego Park,NY,11374,625000,3,1.5,Rego Park,1400,,1955,4,446,,Active,May-25-2025 02:00 PM,May-25-2025 03:00 PM,https://www.redfin.com/NY/Rego-Park/99-72-66th-Rd-11374/unit-9G/home/195855375,OneKey® MLS as Distributed by MLS Grid,864670,N,Y,40.7283284,-73.8522974
MLS Listing,,Condo/Co-op,7445 Yellowstone Blvd Unit 5C,Rego Park,NY,11374,349000,2,1.5,Rego Park,1100,19407,1955,4,317,,Active,,,https://www.redfin.com/NY/Rego-Park/7445-Yellowstone-Blvd-11374/unit-5C/home/20631381,OneKey® MLS as Distributed by MLS Grid,864411,N,Y,40.715265,-73.858276
MLS Listing,,Condo/Co-op,1714 Palmetto St Unit 3L,Ridgewood,NY,11385,560000,2,1,Ridgewood,727,2800,1920,4,770,,Active,May-25-2025 11:00 AM,May-25-2025 12:30 PM,https://www.redfin.com/NY/Flushing/17-14-Palmetto-St-11385/unit-3L/home/195854863,OneKey® MLS as Distributed by MLS Grid,864235,N,Y,40.7020662,-73.908155
MLS Listing,,Multi-Family (2-4 Unit),210-05 89th Ave,Queens Village,NY,11427,995000,4,2,Queens Village,1880,6707,1955,4,529,,Active,,,https://www.redfin.com/NY/Queens-Village/21005-89th-Ave-11427/home/20749285,OneKey® MLS as Distributed by MLS Grid,864130,N,Y,40.7218308,-73.7553128
MLS Listing,,Condo/Co-op,44-69 Kissena Blvd #4,Flushing,NY,11355,430000,2,1,Flushing,1100,,1955,4,391,,Active,,,https://www.redfin.com/NY/Flushing/44-69-Kissena-Blvd-11355/unit-4/home/195854825,OneKey® MLS as Distributed by MLS Grid,864041,N,Y,40.7528998,-73.8202644
MLS Listing,,Condo/Co-op,142-21 26th Ave Unit 1A,Flushing,NY,11354,250000,1,1,Flushing,800,,1952,4,313,,Pre On-Market,,,https://www.redfin.com/NY/Flushing/14221-26th-Ave-11354/unit-1A/home/173531077,OneKey® MLS as Distributed by MLS Grid,864593,N,Y,40.7748185,-73.8254568
MLS Listing,,Condo/Co-op,99-10 60th Ave Unit 1EE,Corona,NY,11368,299998,1,1,Corona,927,,1961,4,324,,Active,,,https://www.redfin.com/NY/Corona/99-10-60th-Ave-11368/unit-1EE/home/195854522,OneKey® MLS as Distributed by MLS Grid,864575,N,Y,40.7364499,-73.8584826
MLS Listing,,Single Family Residential,2420 Little Neck Blvd,Bayside,NY,11360,5250000,5,4.5,Bsyside Gables,5000,18966,1940,4,1050,83,Active,,,https://www.redfin.com/NY/Bayside/2420-Little-Neck-Blvd-11360/home/20831649,OneKey® MLS as Distributed by MLS Grid,860625,N,Y,40.780644,-73.7721959
MLS Listing,,Multi-Family (2-4 Unit),19623 56th Ave,Fresh Meadows,NY,11365,1680000,6,5,Fresh Meadows,2250,3800,1950,5,747,,Active,May-25-2025 01:00 PM,May-25-2025 03:00 PM,https://www.redfin.com/NY/Fresh-Meadows/19623-56th-Ave-11365/home/20841724,OneKey® MLS as Distributed by MLS Grid,863725,N,Y,40.7463515,-73.7812744
MLS Listing,,Single Family Residential,74 Locustwood Blvd,Elmont,NY,11003,799000,4,1,Elmont,1296,4000,1940,5,617,,Active,,,https://www.redfin.com/NY/Elmont/74-Locustwood-Blvd-11003/home/20471249,OneKey® MLS as Distributed by MLS Grid,863858,N,Y,40.7066234,-73.7222804
MLS Listing,,Multi-Family (2-4 Unit),10214 35th Ave,Corona,NY,11368,1750000,0,,Corona,3322,2118,2002,5,527,,Active,,,https://www.redfin.com/NY/Corona/10214-35th-Ave-11368/home/20665247,OneKey® MLS as Distributed by MLS Grid,864321,N,Y,40.7544648,-73.8655009
MLS Listing,,Townhouse,144-47 77 Ave,Kew Garden Hills,NY,11367,999000,3,2,Kew Garden Hills,1345,1799,1950,5,743,,Active,,,https://www.redfin.com/NY/Flushing/14447-77th-Ave-11367/home/20823342,OneKey® MLS as Distributed by MLS Grid,864442,N,Y,40.7220161,-73.8175463
MLS Listing,,Multi-Family (2-4 Unit),71-34 Kissena Blvd,Flushing,NY,11367,1590000,7,5,Flushing,3139,3108,1975,5,507,,Active,,,https://www.redfin.com/NY/Flushing/7134-Kissena-Blvd-11367/home/20823135,OneKey® MLS as Distributed by MLS Grid,863352,N,Y,40.728668,-73.81565
MLS Listing,,Single Family Residential,11711 168th St,Jamaica,NY,11434,700000,3,1,Jamaica,1152,2400,1930,5,608,,Active,,,https://www.redfin.com/NY/Jamaica/11711-168th-St-11434/home/20707348,OneKey® MLS as Distributed by MLS Grid,864562,N,Y,40.6853993,-73.7782948
MLS Listing,,Multi-Family (2-4 Unit),7403 85th Dr,Queens,NY,11421,999000,5,3,Queens,2750,1913,1955,5,363,,Active,,,https://www.redfin.com/NY/Woodhaven/7403-85th-Dr-11421/home/20789841,BNYMLS,492830,N,Y,40.6935225,-73.8681974
MLS Listing,,Single Family Residential,59-32 163rd St,Fresh Meadows,NY,11365,990000,4,1.5,Fresh Meadows,1350,2500,1935,5,733,,Active,,,https://www.redfin.com/NY/Fresh-Meadows/5932-163rd-St-11365/home/20820441,OneKey® MLS as Distributed by MLS Grid,864541,N,Y,40.7394564,-73.8058496
MLS Listing,,Single Family Residential,1203 Cross Bay Blvd,Broad Channel,NY,11693,479990,2,1,Broad Channel,608,2500,1920,5,789,,Active,,,https://www.redfin.com/NY/Broad-Channel/1203-Cross-Bay-Blvd-11693/home/20678733,OneKey® MLS as Distributed by MLS Grid,864517,N,Y,40.604297,-73.820218
MLS Listing,,Condo/Co-op,138-10 77th Ave Unit 60E,Kew Garden Hills,NY,11367,259900,1,1,Kew Village Estates,750,,1922,5,347,,Pre On-Market,,,https://www.redfin.com/NY/Flushing/13810-77th-Ave-11367/unit-60E/home/20650097,OneKey® MLS as Distributed by MLS Grid,862332,N,Y,40.7208091,-73.8229066
MLS Listing,,Single Family Residential,205-28 116th Rd,Saint Albans,NY,11412,474900,3,2,Saint Albans,1568,2600,1925,5,303,,Active,,,https://www.redfin.com/NY/Saint-Albans/20528-116th-Rd-11412/home/20732187,OneKey® MLS as Distributed by MLS Grid,864499,N,Y,40.6965372,-73.7469812
MLS Listing,,Single Family Residential,30-30 78th St,Queens,NY,11370,1149000,3,3,Queens,1900,1800,1955,5,605,,Active,,,https://www.redfin.com/NY/East-Elmhurst/3030-78th-St-11370/home/20585705,BNYMLS,492827,N,Y,40.7598824,-73.8902163
MLS Listing,,Single Family Residential,91-25 78 St,Woodhaven,NY,11421,799000,3,1.5,Woodhaven,1376,2232,1925,5,581,,Active,,,https://www.redfin.com/NY/Woodhaven/9125-78th-St-11421/home/20784946,OneKey® MLS as Distributed by MLS Grid,863824,N,Y,40.6857792,-73.8622188
MLS Listing,,Condo/Co-op,3730 103rd Unit G-2,Corona,NY,11368,415000,2,1,Corona,620,,1988,5,669,,Active,,,https://www.redfin.com/NY/Corona/3730-103rd-St-11368/unit-G2/home/20924572,OneKey® MLS as Distributed by MLS Grid,864458,N,Y,40.7522652,-73.8641847
MLS Listing,,Condo/Co-op,3444 82nd St Unit 2F,Jackson Heights,NY,11372,499000,1,1,Jackson Heights,991,16000,1937,5,504,650,Active,,,https://www.redfin.com/NY/Jackson-Heights/3444-82nd-St-11372/unit-2F/home/20937871,OneKey® MLS as Distributed by MLS Grid,864446,N,Y,40.7524048,-73.8850603
MLS Listing,,Condo/Co-op,34-43 60 St Unit 4J,Woodside,NY,11377,320000,1,1,Woodside,720,,1963,5,444,,Active,,,https://www.redfin.com/NY/Flushing/3443-60th-St-11377/unit-4J/home/195850246,OneKey® MLS as Distributed by MLS Grid,864450,N,Y,40.750646,-73.901843
MLS Listing,,Single Family Residential,30-33 79th St,East Elmhurst,NY,11370,1089000,3,2.5,East Elmhurst,1332,,1955,5,818,,Active,,,https://www.redfin.com/NY/East-Elmhurst/3033-79th-St-11370/home/20938436,OneKey® MLS as Distributed by MLS Grid,864402,N,Y,40.7599501,-73.8887095
MLS Listing,,Single Family Residential,144-32 Weller Ln,Rosedale,NY,11422,729000,3,1.5,Rosedale,1440,3000,1965,5,506,,Active,,,https://www.redfin.com/NY/Rosedale/14432-Weller-Ln-11422/home/20685322,OneKey® MLS as Distributed by MLS Grid,864437,N,Y,40.6583361,-73.7349888
MLS Listing,,Multi-Family (2-4 Unit),48-36 90 St,Elmhurst,NY,11373,1786000,6,4,Elmhurst,,2202,1930,5,,,Active,,,https://www.redfin.com/NY/Elmhurst/48-36-90th-St-11373/home/192131465,OneKey® MLS as Distributed by MLS Grid,864436,N,Y,40.7401977,-73.8746336
MLS Listing,,Condo/Co-op,87-30 62nd Ave #202,Rego Park,NY,11375,499000,2,2,Austin Towers Condo,,,1989,5,,699,Pre On-Market,,,https://www.redfin.com/NY/Rego-Park/8730-62nd-Ave-11374/unit-202/home/20899099,OneKey® MLS as Distributed by MLS Grid,863461,N,Y,40.728287,-73.867805
MLS Listing,,Single Family Residential,11629 134th St,South Ozone Park,NY,11429,689000,4,2.5,South Ozone Park,1200,2088,1910,5,574,,Active,,,https://www.redfin.com/NY/South-Ozone-Park/11629-134th-St-11420/home/20724379,OneKey® MLS as Distributed by MLS Grid,863973,N,Y,40.6779394,-73.8056628
MLS Listing,,Condo/Co-op,40-18 Hampton St Unit 5-J,Elmhurst,NY,11373,379000,1,1,Elmhurst,900,,1940,5,421,,Active,,,https://www.redfin.com/NY/Elmhurst/40-18-Hampton-St-11373/unit-5-J/home/195850097,OneKey® MLS as Distributed by MLS Grid,864432,N,Y,40.746538,-73.88242
MLS Listing,,Condo/Co-op,99-72 66rd Unit 7AA,Rego Park,NY,11374,379000,2,1,Rego Park,1000,,1952,5,379,,Active,,,https://www.redfin.com/NY/Rego-Park/99-72-66th-Rd-11374/unit-7AA/home/195849674,OneKey® MLS as Distributed by MLS Grid,864415,N,Y,40.7283284,-73.8522974
MLS Listing,,Multi-Family (2-4 Unit),108-32 174 St,Jamaica,NY,11433,1199000,9,5,Jamaica,1710,3000,1920,5,701,,Active,May-25-2025 02:00 PM,May-25-2025 04:00 PM,https://www.redfin.com/NY/Jamaica/10832-174th-St-11433/home/20753575,OneKey® MLS as Distributed by MLS Grid,864403,N,Y,40.6991716,-73.7816057
MLS Listing,,Condo/Co-op,150-72 Village Rd Unit 104A,Jamaica,NY,11432,330000,2,1,Jamaica,820,,1947,5,402,,Active,May-24-2025 02:00 PM,May-24-2025 03:30 PM,https://www.redfin.com/NY/Jamaica/150-72-Village-Rd-11432/unit-104A/home/195842506,OneKey® MLS as Distributed by MLS Grid,863866,N,Y,40.7165683,-73.8091819
MLS Listing,,Condo/Co-op,73-12 35th Ave Unit C51,Jackson Heights,NY,11372,1285000,3,2,Washington Plaza,1518,,1940,5,847,,Pre On-Market,,,https://www.redfin.com/NY/Jackson-Heights/7312-35th-Ave-11372/unit-C51/home/105424869,OneKey® MLS as Distributed by MLS Grid,864390,N,Y,40.7501671,-73.8924608
MLS Listing,,Condo/Co-op,84-40 153rd Ave Unit 3N,Howard Beach,NY,11414,119000,0,1,LindenWood,490,,1962,5,243,,Active,,,https://www.redfin.com/NY/Howard-Beach/8440-153rd-Ave-11414/unit-3N/home/20641624,OneKey® MLS as Distributed by MLS Grid,864385,N,Y,40.665941,-73.848104
MLS Listing,,Condo/Co-op,44-11 Macnish St Unit 1E,Elmhurst,NY,11373,319000,1,1,Elmhurst,700,,1951,5,456,,Active,,,https://www.redfin.com/NY/Elmhurst/4411-Macnish-St-11373/unit-1E/home/20643078,OneKey® MLS as Distributed by MLS Grid,864349,N,Y,40.7423873,-73.8798549
MLS Listing,,Single Family Residential,53-46 Hollis Ct Blvd,Fresh Meadows,NY,11365,1289900,5,3,Fresh Meadows,1800,,1950,5,717,,Active,,,https://www.redfin.com/NY/Fresh-Meadows/5346-Hollis-Court-Blvd-11365/home/20838851,OneKey® MLS as Distributed by MLS Grid,864368,N,Y,40.7466669,-73.7811827
MLS Listing,,Condo/Co-op,102-10 66th Rd Unit 26H,Forest Hills,NY,11375,459000,2,1,Forest Hills,1000,,1965,5,459,,Active,May-25-2025 12:00 PM,May-25-2025 01:30 PM,https://www.redfin.com/NY/Forest-Hills/10210-66th-Rd-11375/unit-26H/home/20657350,OneKey® MLS as Distributed by MLS Grid,859087,N,Y,40.7282586,-73.8513251
MLS Listing,,Single Family Residential,187-16 Williamson Ave,Springfield Gardens,NY,11413,950000,3,2.5,Springfield Gardens,1299,4000,1940,5,731,,Active,May-25-2025 11:00 AM,May-25-2025 01:30 PM,https://www.redfin.com/NY/Springfield-Gardens/18716-Williamson-Ave-11413/home/20702791,OneKey® MLS as Distributed by MLS Grid,864332,N,Y,40.6814179,-73.7555597
MLS Listing,,Single Family Residential,7914 153rd St,Kew Garden Hills,NY,11367,1275000,4,2.5,Kew Garden Hills,1456,2400,1925,5,876,,Active,,,https://www.redfin.com/NY/Flushing/7914-153rd-St-11367/home/20820148,OneKey® MLS as Distributed by MLS Grid,862452,N,Y,40.7201745,-73.8111543
MLS Listing,,Condo/Co-op,87-30 62nd Ave Unit 5-E,Queens,NY,11374,429000,1,1,Off Island,630,630,1987,5,681,393,Active,,,https://www.redfin.com/NY/Rego-Park/8730-62nd-Ave-11374/unit-5E/home/20893975,SIBORMLS,2502851,N,Y,40.728287,-73.867805
MLS Listing,,Condo/Co-op,59-21 Calloway Unit 4G,Corona,NY,11368,320000,2,2,Corona,1200,,1945,5,267,,Active,,,https://www.redfin.com/NY/Flushing/59-21-Calloway-St-11368/unit-4G/home/40132820,OneKey® MLS as Distributed by MLS Grid,864300,N,Y,40.7376186,-73.8562874
MLS Listing,,Single Family Residential,7345 53rd Rd,Maspeth,NY,11378,838000,3,1,Maspeth,1278,1780,1960,5,656,,Active,,,https://www.redfin.com/NY/Maspeth/7345-53rd-Rd-11378/home/20909479,OneKey® MLS as Distributed by MLS Grid,864259,N,Y,40.730718,-73.888749
MLS Listing,,Single Family Residential,21-12 144th St,Whitestone,NY,11357,889000,3,1.5,Whitestone,1332,2025,1960,5,667,,Active,,,https://www.redfin.com/NY/Whitestone/2112-144th-St-11357/home/20868120,OneKey® MLS as Distributed by MLS Grid,857877,N,Y,40.7802839,-73.8242108
MLS Listing,,Single Family Residential,186-39 Ilion Ave,Saint Albans,NY,11412,789900,4,2,Saint Albans,1080,4000,1930,5,731,,Active,May-25-2025 01:00 PM,May-25-2025 02:00 PM,https://www.redfin.com/NY/Saint-Albans/18639-Ilion-Ave-11412/home/20752989,OneKey® MLS as Distributed by MLS Grid,864289,N,Y,40.6996649,-73.7690334
MLS Listing,,Condo/Co-op,21-50 33rd Rd Unit 12AB,Astoria,NY,11106,889000,3,2,Queensview,1450,,1950,5,613,,Active,May-24-2025 02:30 PM,May-24-2025 04:00 PM,https://www.redfin.com/NY/Astoria/2150-33rd-Rd-11106/unit-12AB/home/194712829,OneKey® MLS as Distributed by MLS Grid,864164,N,Y,40.7629128,-73.9312509
MLS Listing,,Single Family Residential,224-06 114 Rd,Cambria Heights,NY,11411,790000,3,2,Cambria Heights,1000,,1950,5,790,,Active,May-24-2025 01:00 PM,May-24-2025 04:00 PM,https://www.redfin.com/NY/Cambria-Heights/22406-114th-Rd-11411/home/20735571,OneKey® MLS as Distributed by MLS Grid,864253,N,Y,40.7007925,-73.7331432
MLS Listing,,Condo/Co-op,5803 Calloway St Unit 5A,Corona,NY,11368,218888,1,1,Corona,700,,1963,5,313,,Active,May-25-2025 01:00 PM,May-25-2025 03:00 PM,https://www.redfin.com/NY/Corona/5803-Calloway-St-11368/unit-5A/home/40275254,OneKey® MLS as Distributed by MLS Grid,864287,N,Y,40.738225,-73.857988
MLS Listing,,Multi-Family (2-4 Unit),14-09 131 St,College Point,NY,11356,1348000,7,3,College Point,3000,,1910,5,449,,Active,May-25-2025 11:00 AM,May-25-2025 01:00 PM,https://www.redfin.com/NY/College-Point/1409-131st-St-11356/home/20866866,OneKey® MLS as Distributed by MLS Grid,864242,N,Y,40.7857244,-73.8373806
MLS Listing,,Condo/Co-op,128-19 Newport Ave Unit 2A,Belle Harbor,NY,11694,499000,2,1,Belle Harbor,800,,,5,624,,Active,,,https://www.redfin.com/NY/Rockaway-Park/12819-Newport-Ave-11694/unit-2A/home/92323013,BNYMLS,492816,N,Y,40.5776784,-73.8487006
MLS Listing,,Condo/Co-op,153-25 88th St Unit 4F,Howard Beach,NY,11414,175000,1,1,Howard Beach,,,1963,5,,,Active,,,https://www.redfin.com/NY/Howard-Beach/15325-88th-St-11414/unit-4F/home/40342967,OneKey® MLS as Distributed by MLS Grid,864269,N,Y,40.6661074,-73.8471891
MLS Listing,,Single Family Residential,17363 105th Ave,Jamaica,NY,11433,789000,3,2.5,Jamaica,2000,2000,1920,5,395,,Active,May-25-2025 01:00 PM,May-25-2025 04:00 PM,https://www.redfin.com/NY/Jamaica/17363-105th-Ave-11433/home/20758073,OneKey® MLS as Distributed by MLS Grid,864244,N,Y,40.7035171,-73.7818567
MLS Listing,,Condo/Co-op,132-49 41 Rd Unit 2A,Flushing,NY,11355,570000,2,2,Flushing,716,,2005,5,796,373,Active,May-25-2025 12:00 PM,May-25-2025 03:00 PM,https://www.redfin.com/NY/Flushing/13249-41st-Rd-11355/unit-2A/home/23176364,OneKey® MLS as Distributed by MLS Grid,864211,N,Y,40.7563511,-73.8320317
MLS Listing,,Condo/Co-op,35-10 150th St Unit 5H,Flushing,NY,11369,300000,1,1,Flushing,850,,1963,5,353,,Active,,,https://www.redfin.com/NY/Flushing/35-10-150th-St-11354/unit-5H/home/190407290,OneKey® MLS as Distributed by MLS Grid,864230,N,Y,40.7661203,-73.8156657
MLS Listing,,Single Family Residential,6-27 129th St,College Point,NY,11356,1388000,5,3.5,College Point,2200,,1925,5,631,,Active,,,https://www.redfin.com/NY/College-Point/627-129th-St-11356/home/20871129,OneKey® MLS as Distributed by MLS Grid,861833,N,Y,40.790843,-73.838778
MLS Listing,,Single Family Residential,19907 100th Ave,Hollis,NY,11423,750000,3,2,Hollis,1520,4000,1940,5,493,,Active,,,https://www.redfin.com/NY/Hollis/19907-100th-Ave-11423/home/20743702,BNYMLS,492807,N,Y,40.7106039,-73.7601
MLS Listing,,Condo/Co-op,242-12 99A Oak Park Dr,Douglaston,NY,11362,949000,2,2.5,Douglaston,1680,,1996,5,565,498,Active,May-25-2025 01:00 PM,May-25-2025 03:00 PM,https://www.redfin.com/NY/Douglaston/99-Oak-Park-Dr-11362/home/195847226,OneKey® MLS as Distributed by MLS Grid,863978,N,Y,40.7458532,-73.7342129
MLS Listing,,Multi-Family (2-4 Unit),9735 77th St,Ozone Park,NY,11416,1398000,8,2,Ozone Park,2984,4000,1940,5,468,,Pre On-Market,,,https://www.redfin.com/NY/Ozone-Park/9735-77th-St-11416/home/20782730,OneKey® MLS as Distributed by MLS Grid,864207,N,Y,40.6808819,-73.8606286
MLS Listing,,Condo/Co-op,22-39 78th St Unit 2F,East Elmhurst,NY,11370,529000,2,1,East Elmhurst,747,,1948,5,708,551,Active,,,https://www.redfin.com/NY/East-Elmhurst/2239-78th-St-11370/unit-2F/home/20941686,OneKey® MLS as Distributed by MLS Grid,864184,N,Y,40.7675228,-73.8911005
MLS Listing,,Single Family Residential,237-20 93 Ave,Bellerose,NY,11426,749000,3,1,Bellerose,1296,,1925,5,578,,Active,,,https://www.redfin.com/NY/Bellerose/23720-93rd-Ave-11426/home/20804964,OneKey® MLS as Distributed by MLS Grid,864134,N,Y,40.7239561,-73.7293499
MLS Listing,,Multi-Family (2-4 Unit),16837 90th Ave,Jamaica,NY,11432,999000,6,2,Jamaica,1800,2500,1920,5,555,,Pre On-Market,,,https://www.redfin.com/NY/Jamaica/16837-90th-Ave-11432/home/20761242,OneKey® MLS as Distributed by MLS Grid,864171,N,Y,40.7083714,-73.7922439
MLS Listing,,Multi-Family (2-4 Unit),8777 111 St,Richmond Hill,NY,11418,1249000,6,2,Richmond Hill,1825,,1920,5,684,,Active,May-25-2025 01:30 PM,May-25-2025 03:00 PM,https://www.redfin.com/NY/Richmond-Hill/8777-111th-St-11418/home/20773983,OneKey® MLS as Distributed by MLS Grid,863913,N,Y,40.6949527,-73.8358649
MLS Listing,,Condo/Co-op,3116 21st St Ph 2B,Astoria,NY,11106,1328888,2,2,Astoria,886,10608,2023,5,1500,433,Active,May-25-2025 12:00 PM,May-25-2025 02:00 PM,https://www.redfin.com/NY/Long-Island-City/3116-21st-St-11106/unit-2-B/home/194538117,OneKey® MLS as Distributed by MLS Grid,864146,N,Y,40.767004,-73.930531
MLS Listing,,Single Family Residential,89-28 204 St,Hollis,NY,11423,749900,3,2,Hollis,156,2400,1925,5,4807,,Active,May-24-2025 01:00 PM,May-24-2025 05:00 PM,https://www.redfin.com/NY/Hollis/8928-204th-St-11423/home/20752210,OneKey® MLS as Distributed by MLS Grid,864099,N,Y,40.7180447,-73.7597026
MLS Listing,,Multi-Family (2-4 Unit),181 Beach 91 St,Rockaway Beach,NY,11693,1499000,6,5,Rockaway Beach,,5000,,5,,,Active,,,https://www.redfin.com/NY/Rockaway-Beach/181-Beach-91st-St-11693/home/20671622,BNYMLS,492798,N,Y,40.5861643,-73.8144055
MLS Listing,,Single Family Residential,3430 71st St,Jackson Heights,NY,11372,1188888,3,2,Jackson Heights,1224,1842,1935,5,971,,Active,May-25-2025 12:00 PM,May-25-2025 02:00 PM,https://www.redfin.com/NY/Jackson-Heights/3430-71st-St-11372/home/20934803,OneKey® MLS as Distributed by MLS Grid,863876,N,Y,40.7517409,-73.8953218
MLS Listing,,Multi-Family (2-4 Unit),196-19 42nd Rd,Flushing,NY,11358,1588000,5,2,Flushing,2592,5850,1954,5,613,,Active,,,https://www.redfin.com/NY/Flushing/19619-42nd-Rd-11358/home/20847582,OneKey® MLS as Distributed by MLS Grid,864118,N,Y,40.7591456,-73.785024
MLS Listing,,Condo/Co-op,269-10 Grand Central Pkwy Unit 11G,Floral Park,NY,11005,735000,2,2.5,North Shore Towers,1553,,1975,5,473,,Active,,,https://www.redfin.com/NY/Queens/26910-Grand-Central-Pkwy-11005/unit-11G/home/40269444,OneKey® MLS as Distributed by MLS Grid,862785,N,Y,40.757181,-73.714414
MLS Listing,,Multi-Family (2-4 Unit),39-17 51 St,Woodside,NY,11377,1680000,6,3,Woodside,2400,2400,1925,5,700,,Active,,,https://www.redfin.com/NY/Woodside/3917-51st-St-11377/home/20960306,OneKey® MLS as Distributed by MLS Grid,864096,N,Y,40.7481834,-73.9126976